{
  "assessment_timestamp": "2025-06-11T12:12:10.379096",
  "total_datasets": 3,
  "total_chunks": 64827,
  "dataset_quality": {
    "pre_brexit_2013_2016": {
      "token_distribution": {
        "mean": 1593.1493406791908,
        "median": 1864.5,
        "std": 500.4998301522238,
        "min": 