{
  "loss": 4.603357124328613,
  "perplexity": 99.81887817382812,
  "bertscore_f1": 0.8725183963775635,
  "bertscore_precision": 0.8357089519500732,
  "bertscore_recall": 0.9128296852111817
}