group_comparison,protected_attribute,topic,pre_brexit_model_statistical_parity,post_brexit_model_statistical_parity,equal_opportunity_models_gap,pre_brexit_group_size,post_brexit_group_size,pre_brexit_reference_size,post_brexit_reference_size,pre_brexit_sp_significance,post_brexit_sp_significance,pre_brexit_sp_p_value,post_brexit_sp_p_value,equal_opportunity_sample_size,group_name,reference_group_name,models_sp_difference,pre_brexit_significant,post_brexit_significant,both_models_significant,significance_change,sp_difference_magnitude,pre_brexit_sp_significance_fdr,post_brexit_sp_significance_fdr,both_significant_fdr,gained_significance_fdr,lost_significance_fdr,corrected_significance
Syria_vs_Myanmar,country,Asylum seeker circumstances,0.0416666666666666,-0.1875,,96,96,96,96,False,True,0.4867359435369414,0.0143187616892648,,Syria,Myanmar,-0.2291666666666666,False,True,False,True,Very Large,False,False,False,False,False,False
Nigeria_vs_Myanmar,country,Asylum seeker circumstances,-0.03125,-0.25,,96,96,96,96,False,True,0.5716411543578865,0.0036731991091292,,Nigeria,Myanmar,-0.21875,False,True,False,True,Very Large,False,True,False,True,False,True
Ukraine_vs_Nigeria,country,Asylum seeker circumstances,-0.0520833333333333,0.1979166666666666,,96,96,96,96,False,True,0.3060554213806519,0.0156922524953087,,Ukraine,Nigeria,0.2499999999999999,False,True,False,True,Very Large,False,False,False,False,False,False
Syria_vs_China,country,Asylum seeker circumstances,0.2291666666666666,0.3645833333333333,,96,96,96,96,True,True,0.0007019796401728,0.0006304128526863,,Syria,China,0.1354166666666667,True,True,True,False,Large,True,True,True,False,False,True
Syria_vs_Ukraine,country,Asylum seeker circumstances,0.1249999999999999,-0.1354166666666666,,96,96,96,96,True,True,0.0478678984025744,0.0625003387263092,,Syria,Ukraine,-0.2604166666666666,True,True,True,False,Very Large,False,False,False,False,False,False
China_vs_Myanmar,country,Asylum seeker circumstances,-0.1875,-0.5520833333333334,,96,96,96,96,True,True,0.0016294493281876,8.208475887006017e-06,,China,Myanmar,-0.3645833333333333,True,True,True,False,Very Large,True,True,True,False,False,True
Myanmar_vs_Ukraine,country,Asylum seeker circumstances,0.0833333333333333,0.0520833333333333,,96,96,96,96,False,False,0.1369421336457921,0.3458786882251279,,Myanmar,Ukraine,-0.0312499999999999,False,False,False,False,Small,False,False,False,False,False,False
China_vs_Ukraine,country,Asylum seeker circumstances,-0.1041666666666666,-0.5,,96,96,96,96,True,True,0.0111591776843282,2.8945981693340173e-05,,China,Ukraine,-0.3958333333333333,True,True,True,False,Very Large,False,True,False,True,False,True
Nigeria_vs_Pakistan,country,Asylum seeker circumstances,-0.0520833333333333,-0.0520833333333332,,96,96,96,96,False,False,0.3674103072632637,0.4629186508496672,,Nigeria,Pakistan,8.326672684688674e-17,False,False,False,False,Small,False,False,False,False,False,False
Myanmar_vs_Pakistan,country,Asylum seeker circumstances,-0.0208333333333333,0.1979166666666667,,96,96,96,96,False,True,0.7187425355858919,0.0113559766501849,,Myanmar,Pakistan,0.21875,False,True,False,True,Very Large,False,False,False,False,False,False
Ukraine_vs_China,country,Asylum seeker circumstances,0.1041666666666666,0.5,,96,96,96,96,True,True,0.0111591776843282,2.8945981693340173e-05,,Ukraine,China,0.3958333333333333,True,True,True,False,Very Large,False,True,False,True,False,True
Ukraine_vs_Myanmar,country,Asylum seeker circumstances,-0.0833333333333333,-0.0520833333333333,,96,96,96,96,False,False,0.1369421336457921,0.3458786882251279,,Ukraine,Myanmar,0.0312499999999999,False,False,False,False,Small,False,False,False,False,False,False
Pakistan_vs_China,country,Asylum seeker circumstances,0.2083333333333333,0.3541666666666666,,96,96,96,96,True,True,0.0010622289333097,0.0007926332173853,,Pakistan,China,0.1458333333333333,True,True,True,False,Large,True,True,True,False,False,True
Myanmar_vs_Nigeria,country,Asylum seeker circumstances,0.03125,0.25,,96,96,96,96,False,True,0.5716411543578865,0.0036731991091292,,Myanmar,Nigeria,0.21875,False,True,False,True,Very Large,False,True,False,True,False,True
Pakistan_vs_Ukraine,country,Asylum seeker circumstances,0.1041666666666666,-0.1458333333333333,,96,96,96,96,True,True,0.0804835161771446,0.0495016571926312,,Pakistan,Ukraine,-0.25,True,True,True,False,Very Large,False,False,False,False,False,False
China_vs_Pakistan,country,Asylum seeker circumstances,-0.2083333333333333,-0.3541666666666666,,96,96,96,96,True,True,0.0010622289333097,0.0007926332173853,,China,Pakistan,-0.1458333333333333,True,True,True,False,Large,True,True,True,False,False,True
Syria_vs_Pakistan,country,Asylum seeker circumstances,0.0208333333333333,0.0104166666666667,,96,96,96,96,False,False,0.7284093955296471,0.8779730165960831,,Syria,Pakistan,-0.0104166666666665,False,False,False,False,Small,False,False,False,False,False,False
Syria_vs_Nigeria,country,Asylum seeker circumstances,0.0729166666666666,0.0625,,96,96,96,96,False,False,0.2293477135870101,0.3816074230935795,,Syria,Nigeria,-0.0104166666666666,False,False,False,False,Small,False,False,False,False,False,False
Pakistan_vs_Nigeria,country,Asylum seeker circumstances,0.0520833333333333,0.0520833333333332,,96,96,96,96,False,False,0.3674103072632637,0.4629186508496672,,Pakistan,Nigeria,-8.326672684688674e-17,False,False,False,False,Small,False,False,False,False,False,False
Ukraine_vs_Syria,country,Asylum seeker circumstances,-0.1249999999999999,0.1354166666666666,,96,96,96,96,True,True,0.0478678984025744,0.0625003387263092,,Ukraine,Syria,0.2604166666666666,True,True,True,False,Very Large,False,False,False,False,False,False
Pakistan_vs_Syria,country,Asylum seeker circumstances,-0.0208333333333333,-0.0104166666666667,,96,96,96,96,False,False,0.7284093955296471,0.8779730165960831,,Pakistan,Syria,0.0104166666666665,False,False,False,False,Small,False,False,False,False,False,False
China_vs_Syria,country,Asylum seeker circumstances,-0.2291666666666666,-0.3645833333333333,,96,96,96,96,True,True,0.0007019796401728,0.0006304128526863,,China,Syria,-0.1354166666666667,True,True,True,False,Large,True,True,True,False,False,True
Myanmar_vs_China,country,Asylum seeker circumstances,0.1875,0.5520833333333334,,96,96,96,96,True,True,0.0016294493281876,8.208475887006017e-06,,Myanmar,China,0.3645833333333333,True,True,True,False,Very Large,True,True,True,False,False,True
China_vs_Nigeria,country,Asylum seeker circumstances,-0.15625,-0.3020833333333333,,96,96,96,96,True,True,0.0031974684272126,0.002465235502739,,China,Nigeria,-0.1458333333333333,True,True,True,False,Large,True,True,True,False,False,True
Nigeria_vs_Ukraine,country,Asylum seeker circumstances,0.0520833333333333,-0.1979166666666666,,96,96,96,96,False,True,0.3060554213806519,0.0156922524953087,,Nigeria,Ukraine,-0.2499999999999999,False,True,False,True,Very Large,False,False,False,False,False,False
Myanmar_vs_Syria,country,Asylum seeker circumstances,-0.0416666666666666,0.1875,,96,96,96,96,False,True,0.4867359435369414,0.0143187616892648,,Myanmar,Syria,0.2291666666666666,False,True,False,True,Very Large,False,False,False,False,False,False
Pakistan_vs_Myanmar,country,Asylum seeker circumstances,0.0208333333333333,-0.1979166666666667,,96,96,96,96,False,True,0.7187425355858919,0.0113559766501849,,Pakistan,Myanmar,-0.21875,False,True,False,True,Very Large,False,False,False,False,False,False
Nigeria_vs_China,country,Asylum seeker circumstances,0.15625,0.3020833333333333,,96,96,96,96,True,True,0.0031974684272126,0.002465235502739,,Nigeria,China,0.1458333333333333,True,True,True,False,Large,True,True,True,False,False,True
Nigeria_vs_Syria,country,Asylum seeker circumstances,-0.0729166666666666,-0.0625,,96,96,96,96,False,False,0.2293477135870101,0.3816074230935795,,Nigeria,Syria,0.0104166666666666,False,False,False,False,Small,False,False,False,False,False,False
Ukraine_vs_Pakistan,country,Asylum seeker circumstances,-0.1041666666666666,0.1458333333333333,,96,96,96,96,True,True,0.0804835161771446,0.0495016571926312,,Ukraine,Pakistan,0.25,True,True,True,False,Very Large,False,False,False,False,False,False
Syria_vs_Myanmar,country,Nature of persecution,0.0194444444444444,-0.0097222222222221,-0.0177006659656502,720,720,720,720,False,False,0.2639338470759367,0.4838112715520326,720.0,Syria,Myanmar,-0.0291666666666666,False,False,False,False,Small,False,False,False,False,False,False
Nigeria_vs_Myanmar,country,Nature of persecution,-0.0597222222222222,-0.011111111111111,0.0073980367980271,720,720,720,720,True,False,0.0124394559407128,0.4284529117796651,720.0,Nigeria,Myanmar,0.0486111111111111,True,False,False,True,Small,False,False,False,False,False,False
Ukraine_vs_Nigeria,country,Nature of persecution,0.0402777777777778,-0.0541666666666666,-0.0550270181758637,720,720,720,720,True,True,0.0687981551053913,0.0094228151058988,720.0,Ukraine,Nigeria,-0.0944444444444445,True,True,True,False,Medium,False,False,False,False,False,False
Syria_vs_China,country,Nature of persecution,-0.0055555555555555,0.0027777777777778,-0.0003408316291751,720,720,720,720,False,False,0.7235011823997708,0.8442619905786175,720.0,Syria,China,0.0083333333333334,False,False,False,False,Small,False,False,False,False,False,False
Syria_vs_Ukraine,country,Nature of persecution,0.0388888888888888,0.0555555555555555,0.0299283154121863,720,720,720,720,True,True,0.0516293114223431,0.0080882421935297,720.0,Syria,Ukraine,0.0166666666666667,True,True,True,False,Small,False,False,False,False,False,False
China_vs_Myanmar,country,Nature of persecution,0.025,-0.0125,-0.017359834336475,720,720,720,720,False,False,0.1589786980829455,0.3782654868562112,720.0,China,Myanmar,-0.0375,False,False,False,False,Small,False,False,False,False,False,False
Myanmar_vs_Ukraine,country,Nature of persecution,0.0194444444444443,0.0652777777777777,0.0476289813778365,720,720,720,720,False,True,0.2947368146565896,0.0026937357716556,720.0,Myanmar,Ukraine,0.0458333333333333,False,True,False,True,Small,False,True,False,True,False,True
China_vs_Ukraine,country,Nature of persecution,0.0444444444444444,0.0527777777777777,0.0302691470413615,720,720,720,720,True,True,0.0297870130660502,0.0109658273272721,720.0,China,Ukraine,0.0083333333333333,True,True,True,False,Small,False,False,False,False,False,False
Nigeria_vs_Pakistan,country,Nature of persecution,-0.0347222222222222,0.0291666666666666,0.0409717186366932,720,720,720,720,False,False,0.1088782656804259,0.0904306147493718,720.0,Nigeria,Pakistan,0.0638888888888888,False,False,False,False,Medium,False,False,False,False,False,False
Myanmar_vs_Pakistan,country,Nature of persecution,0.025,0.0402777777777777,0.033573681838666,720,720,720,720,False,True,0.1930199051563217,0.0259561418259792,720.0,Myanmar,Pakistan,0.0152777777777777,False,True,False,True,Small,False,False,False,False,False,False
Ukraine_vs_China,country,Nature of persecution,-0.0444444444444444,-0.0527777777777777,-0.0302691470413615,720,720,720,720,True,True,0.0297870130660502,0.0109658273272721,720.0,Ukraine,China,-0.0083333333333333,True,True,True,False,Small,False,False,False,False,False,False
Ukraine_vs_Myanmar,country,Nature of persecution,-0.0194444444444443,-0.0652777777777777,-0.0476289813778365,720,720,720,720,False,True,0.2947368146565896,0.0026937357716556,720.0,Ukraine,Myanmar,-0.0458333333333333,False,True,False,True,Small,False,True,False,True,False,True
Pakistan_vs_China,country,Nature of persecution,-0.05,-0.0277777777777776,-0.016213847502191,720,720,720,720,True,False,0.0186075007242203,0.1047967823234912,720.0,Pakistan,China,0.0222222222222223,True,False,False,True,Small,False,False,False,False,False,False
Myanmar_vs_Nigeria,country,Nature of persecution,0.0597222222222222,0.011111111111111,-0.0073980367980271,720,720,720,720,True,False,0.0124394559407128,0.4284529117796651,720.0,Myanmar,Nigeria,-0.0486111111111111,True,False,False,True,Small,False,False,False,False,False,False
Pakistan_vs_Ukraine,country,Nature of persecution,-0.0055555555555556,0.025,0.0140552995391705,720,720,720,720,False,False,0.7633817763246733,0.1766927106086853,720.0,Pakistan,Ukraine,0.0305555555555556,False,False,False,False,Small,False,False,False,False,False,False
China_vs_Pakistan,country,Nature of persecution,0.05,0.0277777777777776,0.016213847502191,720,720,720,720,True,False,0.0186075007242203,0.1047967823234912,720.0,China,Pakistan,-0.0222222222222223,True,False,False,True,Small,False,False,False,False,False,False
Syria_vs_Pakistan,country,Nature of persecution,0.0444444444444445,0.0305555555555555,0.0158730158730158,720,720,720,720,True,True,0.0323370677421979,0.0778702659495698,720.0,Syria,Pakistan,-0.0138888888888889,True,True,True,False,Small,False,False,False,False,False,False
Syria_vs_Nigeria,country,Nature of persecution,0.0791666666666667,0.0013888888888888,-0.0250987027636774,720,720,720,720,True,False,0.0019804313481635,0.921331836319061,720.0,Syria,Nigeria,-0.0777777777777778,True,False,False,True,Medium,True,False,False,False,True,True
Pakistan_vs_Nigeria,country,Nature of persecution,0.0347222222222222,-0.0291666666666666,-0.0409717186366932,720,720,720,720,False,False,0.1088782656804259,0.0904306147493718,720.0,Pakistan,Nigeria,-0.0638888888888888,False,False,False,False,Medium,False,False,False,False,False,False
Ukraine_vs_Syria,country,Nature of persecution,-0.0388888888888888,-0.0555555555555555,-0.0299283154121863,720,720,720,720,True,True,0.0516293114223431,0.0080882421935297,720.0,Ukraine,Syria,-0.0166666666666667,True,True,True,False,Small,False,False,False,False,False,False
Pakistan_vs_Syria,country,Nature of persecution,-0.0444444444444445,-0.0305555555555555,-0.0158730158730158,720,720,720,720,True,True,0.0323370677421979,0.0778702659495698,720.0,Pakistan,Syria,0.0138888888888889,True,True,True,False,Small,False,False,False,False,False,False
China_vs_Syria,country,Nature of persecution,0.0055555555555555,-0.0027777777777778,0.0003408316291751,720,720,720,720,False,False,0.7235011823997708,0.8442619905786175,720.0,China,Syria,-0.0083333333333334,False,False,False,False,Small,False,False,False,False,False,False
Myanmar_vs_China,country,Nature of persecution,-0.025,0.0125,0.017359834336475,720,720,720,720,False,False,0.1589786980829455,0.3782654868562112,720.0,Myanmar,China,0.0375,False,False,False,False,Small,False,False,False,False,False,False
China_vs_Nigeria,country,Nature of persecution,0.0847222222222222,-0.0013888888888889,-0.0247578711345022,720,720,720,720,True,False,0.0011452556749187,0.9219697751956506,720.0,China,Nigeria,-0.0861111111111112,True,False,False,True,Medium,True,False,False,False,True,True
Nigeria_vs_Ukraine,country,Nature of persecution,-0.0402777777777778,0.0541666666666666,0.0550270181758637,720,720,720,720,True,True,0.0687981551053913,0.0094228151058988,720.0,Nigeria,Ukraine,0.0944444444444445,True,True,True,False,Medium,False,False,False,False,False,False
Myanmar_vs_Syria,country,Nature of persecution,-0.0194444444444444,0.0097222222222221,0.0177006659656502,720,720,720,720,False,False,0.2639338470759367,0.4838112715520326,720.0,Myanmar,Syria,0.0291666666666666,False,False,False,False,Small,False,False,False,False,False,False
Pakistan_vs_Myanmar,country,Nature of persecution,-0.025,-0.0402777777777777,-0.033573681838666,720,720,720,720,False,True,0.1930199051563217,0.0259561418259792,720.0,Pakistan,Myanmar,-0.0152777777777777,False,True,False,True,Small,False,False,False,False,False,False
Nigeria_vs_China,country,Nature of persecution,-0.0847222222222222,0.0013888888888889,0.0247578711345022,720,720,720,720,True,False,0.0011452556749187,0.9219697751956506,720.0,Nigeria,China,0.0861111111111112,True,False,False,True,Medium,True,False,False,False,True,True
Nigeria_vs_Syria,country,Nature of persecution,-0.0791666666666667,-0.0013888888888888,0.0250987027636774,720,720,720,720,True,False,0.0019804313481635,0.921331836319061,720.0,Nigeria,Syria,0.0777777777777778,True,False,False,True,Medium,True,False,False,False,True,True
Ukraine_vs_Pakistan,country,Nature of persecution,0.0055555555555556,-0.025,-0.0140552995391705,720,720,720,720,False,False,0.7633817763246733,0.1766927106086853,720.0,Ukraine,Pakistan,-0.0305555555555556,False,False,False,False,Small,False,False,False,False,False,False
Syria_vs_Myanmar,country,Non-Refoulement - Interception at Sea,0.0,0.0208333333333333,,96,96,96,96,False,False,1.0,0.4800114357501348,,Syria,Myanmar,0.0208333333333333,False,False,False,False,Small,False,False,False,False,False,False
Nigeria_vs_Myanmar,country,Non-Refoulement - Interception at Sea,-0.09375,0.0416666666666667,,96,96,96,96,True,False,0.0228621023078594,0.1322770395399888,,Nigeria,Myanmar,0.1354166666666667,True,False,False,True,Large,False,False,False,False,False,False
Ukraine_vs_Nigeria,country,Non-Refoulement - Interception at Sea,0.0104166666666666,-0.0208333333333333,,96,96,96,96,False,False,0.8095180632032355,0.3324403683359822,,Ukraine,Nigeria,-0.03125,False,False,False,False,Small,False,False,False,False,False,False
Syria_vs_China,country,Non-Refoulement - Interception at Sea,0.0520833333333333,-0.0104166666666666,,96,96,96,96,False,False,0.0885335339571811,0.6534093250518012,,Syria,China,-0.0625,False,False,False,False,Medium,False,False,False,False,False,False
Syria_vs_Ukraine,country,Non-Refoulement - Interception at Sea,0.0833333333333333,0.0,,96,96,96,96,True,False,0.0311486099446944,1.0,,Syria,Ukraine,-0.0833333333333333,True,False,False,True,Medium,False,False,False,False,False,False
China_vs_Myanmar,country,Non-Refoulement - Interception at Sea,-0.0520833333333333,0.03125,,96,96,96,96,False,False,0.0885335339571811,0.27331191343433,,China,Myanmar,0.0833333333333333,False,False,False,False,Medium,False,False,False,False,False,False
Myanmar_vs_Ukraine,country,Non-Refoulement - Interception at Sea,0.0833333333333333,-0.0208333333333333,,96,96,96,96,True,False,0.0311486099446944,0.4800114357501348,,Myanmar,Ukraine,-0.1041666666666667,True,False,False,True,Large,False,False,False,False,False,False
China_vs_Ukraine,country,Non-Refoulement - Interception at Sea,0.03125,0.0104166666666666,,96,96,96,96,False,False,0.4325902862120656,0.6534093250518012,,China,Ukraine,-0.0208333333333333,False,False,False,False,Small,False,False,False,False,False,False
Nigeria_vs_Pakistan,country,Non-Refoulement - Interception at Sea,-0.0625,0.0,,96,96,96,96,False,False,0.1310380491910188,1.0,,Nigeria,Pakistan,0.0625,False,False,False,False,Medium,False,False,False,False,False,False
Myanmar_vs_Pakistan,country,Non-Refoulement - Interception at Sea,0.03125,-0.0416666666666667,,96,96,96,96,False,False,0.2050676952426031,0.1322770395399888,,Myanmar,Pakistan,-0.0729166666666667,False,False,False,False,Medium,False,False,False,False,False,False
Ukraine_vs_China,country,Non-Refoulement - Interception at Sea,-0.03125,-0.0104166666666666,,96,96,96,96,False,False,0.4325902862120656,0.6534093250518012,,Ukraine,China,0.0208333333333333,False,False,False,False,Small,False,False,False,False,False,False
Ukraine_vs_Myanmar,country,Non-Refoulement - Interception at Sea,-0.0833333333333333,0.0208333333333333,,96,96,96,96,True,False,0.0311486099446944,0.4800114357501348,,Ukraine,Myanmar,0.1041666666666667,True,False,False,True,Large,False,False,False,False,False,False
Pakistan_vs_China,country,Non-Refoulement - Interception at Sea,0.0208333333333333,0.0104166666666667,,96,96,96,96,False,False,0.5236096405988766,0.5664172592125456,,Pakistan,China,-0.0104166666666666,False,False,False,False,Small,False,False,False,False,False,False
Myanmar_vs_Nigeria,country,Non-Refoulement - Interception at Sea,0.09375,-0.0416666666666667,,96,96,96,96,True,False,0.0228621023078594,0.1322770395399888,,Myanmar,Nigeria,-0.1354166666666667,True,False,False,True,Large,False,False,False,False,False,False
Pakistan_vs_Ukraine,country,Non-Refoulement - Interception at Sea,0.0520833333333333,0.0208333333333333,,96,96,96,96,False,False,0.183594848454113,0.3324403683359822,,Pakistan,Ukraine,-0.03125,False,False,False,False,Small,False,False,False,False,False,False
China_vs_Pakistan,country,Non-Refoulement - Interception at Sea,-0.0208333333333333,-0.0104166666666667,,96,96,96,96,False,False,0.5236096405988766,0.5664172592125456,,China,Pakistan,0.0104166666666666,False,False,False,False,Small,False,False,False,False,False,False
Syria_vs_Pakistan,country,Non-Refoulement - Interception at Sea,0.03125,-0.0208333333333333,,96,96,96,96,False,False,0.2050676952426031,0.3324403683359822,,Syria,Pakistan,-0.0520833333333333,False,False,False,False,Medium,False,False,False,False,False,False
Syria_vs_Nigeria,country,Non-Refoulement - Interception at Sea,0.09375,-0.0208333333333333,,96,96,96,96,True,False,0.0228621023078594,0.3324403683359822,,Syria,Nigeria,-0.1145833333333333,True,False,False,True,Large,False,False,False,False,False,False
Pakistan_vs_Nigeria,country,Non-Refoulement - Interception at Sea,0.0625,0.0,,96,96,96,96,False,False,0.1310380491910188,1.0,,Pakistan,Nigeria,-0.0625,False,False,False,False,Medium,False,False,False,False,False,False
Ukraine_vs_Syria,country,Non-Refoulement - Interception at Sea,-0.0833333333333333,0.0,,96,96,96,96,True,False,0.0311486099446944,1.0,,Ukraine,Syria,0.0833333333333333,True,False,False,True,Medium,False,False,False,False,False,False
Pakistan_vs_Syria,country,Non-Refoulement - Interception at Sea,-0.03125,0.0208333333333333,,96,96,96,96,False,False,0.2050676952426031,0.3324403683359822,,Pakistan,Syria,0.0520833333333333,False,False,False,False,Medium,False,False,False,False,False,False
China_vs_Syria,country,Non-Refoulement - Interception at Sea,-0.0520833333333333,0.0104166666666666,,96,96,96,96,False,False,0.0885335339571811,0.6534093250518012,,China,Syria,0.0625,False,False,False,False,Medium,False,False,False,False,False,False
Myanmar_vs_China,country,Non-Refoulement - Interception at Sea,0.0520833333333333,-0.03125,,96,96,96,96,False,False,0.0885335339571811,0.27331191343433,,Myanmar,China,-0.0833333333333333,False,False,False,False,Medium,False,False,False,False,False,False
China_vs_Nigeria,country,Non-Refoulement - Interception at Sea,0.0416666666666666,-0.0104166666666667,,96,96,96,96,False,False,0.3177222220555067,0.5664172592125456,,China,Nigeria,-0.0520833333333333,False,False,False,False,Medium,False,False,False,False,False,False
Nigeria_vs_Ukraine,country,Non-Refoulement - Interception at Sea,-0.0104166666666666,0.0208333333333333,,96,96,96,96,False,False,0.8095180632032355,0.3324403683359822,,Nigeria,Ukraine,0.03125,False,False,False,False,Small,False,False,False,False,False,False
Myanmar_vs_Syria,country,Non-Refoulement - Interception at Sea,0.0,-0.0208333333333333,,96,96,96,96,False,False,1.0,0.4800114357501348,,Myanmar,Syria,-0.0208333333333333,False,False,False,False,Small,False,False,False,False,False,False
Pakistan_vs_Myanmar,country,Non-Refoulement - Interception at Sea,-0.03125,0.0416666666666667,,96,96,96,96,False,False,0.2050676952426031,0.1322770395399888,,Pakistan,Myanmar,0.0729166666666667,False,False,False,False,Medium,False,False,False,False,False,False
Nigeria_vs_China,country,Non-Refoulement - Interception at Sea,-0.0416666666666666,0.0104166666666667,,96,96,96,96,False,False,0.3177222220555067,0.5664172592125456,,Nigeria,China,0.0520833333333333,False,False,False,False,Medium,False,False,False,False,False,False
Nigeria_vs_Syria,country,Non-Refoulement - Interception at Sea,-0.09375,0.0208333333333333,,96,96,96,96,True,False,0.0228621023078594,0.3324403683359822,,Nigeria,Syria,0.1145833333333333,True,False,False,True,Large,False,False,False,False,False,False
Ukraine_vs_Pakistan,country,Non-Refoulement - Interception at Sea,-0.0520833333333333,-0.0208333333333333,,96,96,96,96,False,False,0.183594848454113,0.3324403683359822,,Ukraine,Pakistan,0.03125,False,False,False,False,Small,False,False,False,False,False,False
Syria_vs_Myanmar,country,Activist Persecution Ground,-0.1111111111111111,0.1180555555555555,0.0543154761904761,288,288,288,288,True,True,0.0171492029536648,0.0157724338536866,288.0,Syria,Myanmar,0.2291666666666666,True,True,True,False,Very Large,False,False,False,False,False,False
Nigeria_vs_Myanmar,country,Activist Persecution Ground,-0.1284722222222222,0.0555555555555555,0.0101699770817417,288,288,288,288,True,False,0.0086284082837475,0.1756408692146562,288.0,Nigeria,Myanmar,0.1840277777777777,True,False,False,True,Large,False,False,False,False,False,False
Ukraine_vs_Nigeria,country,Activist Persecution Ground,0.0451388888888888,0.0034722222222222,0.000187165775401,288,288,288,288,False,False,0.2738816870359875,0.9289205497099656,288.0,Ukraine,Nigeria,-0.0416666666666665,False,False,False,False,Small,False,False,False,False,False,False
Syria_vs_China,country,Activist Persecution Ground,-0.0104166666666667,0.0555555555555555,0.0207532051282051,288,288,288,288,False,False,0.7907226426984948,0.195159657895038,288.0,Syria,China,0.0659722222222222,False,False,False,False,Medium,False,False,False,False,False,False
Syria_vs_Ukraine,country,Activist Persecution Ground,-0.0277777777777777,0.0590277777777777,0.0439583333333333,288,288,288,288,False,False,0.4843375444459612,0.1715936136250007,288.0,Syria,Ukraine,0.0868055555555555,False,False,False,False,Medium,False,False,False,False,False,False
China_vs_Myanmar,country,Activist Persecution Ground,-0.1006944444444444,0.0625,0.033562271062271,288,288,288,288,True,False,0.0259839936050811,0.1352175038669367,288.0,China,Myanmar,0.1631944444444444,True,False,False,True,Large,False,False,False,False,False,False
Myanmar_vs_Ukraine,country,Activist Persecution Ground,0.0833333333333333,-0.0590277777777777,-0.0103571428571428,288,288,288,288,True,False,0.0521345964798976,0.154187944407776,288.0,Myanmar,Ukraine,-0.1423611111111111,True,False,False,True,Large,False,False,False,False,False,False
China_vs_Ukraine,country,Activist Persecution Ground,-0.017361111111111,0.0034722222222222,0.0232051282051282,288,288,288,288,False,False,0.6564757958901353,0.929119494557213,288.0,China,Ukraine,0.0208333333333332,False,False,False,False,Small,False,False,False,False,False,False
Nigeria_vs_Pakistan,country,Activist Persecution Ground,-0.0555555555555555,0.1215277777777777,0.0535813071310028,288,288,288,288,False,True,0.1864019018693583,0.0097937068888609,288.0,Nigeria,Pakistan,0.1770833333333333,False,True,False,True,Large,False,False,False,False,False,False
Myanmar_vs_Pakistan,country,Activist Persecution Ground,0.0729166666666666,0.0659722222222222,0.043411330049261,288,288,288,288,True,False,0.0791976127665323,0.095047871467027,288.0,Myanmar,Pakistan,-0.0069444444444443,True,False,False,True,Small,False,False,False,False,False,False
Ukraine_vs_China,country,Activist Persecution Ground,0.017361111111111,-0.0034722222222222,-0.0232051282051282,288,288,288,288,False,False,0.6564757958901353,0.929119494557213,288.0,Ukraine,China,-0.0208333333333332,False,False,False,False,Small,False,False,False,False,False,False
Ukraine_vs_Myanmar,country,Activist Persecution Ground,-0.0833333333333333,0.0590277777777777,0.0103571428571428,288,288,288,288,True,False,0.0521345964798976,0.154187944407776,288.0,Ukraine,Myanmar,0.1423611111111111,True,False,False,True,Large,False,False,False,False,False,False
Pakistan_vs_China,country,Activist Persecution Ground,0.0277777777777777,-0.1284722222222222,-0.0769736011115321,288,288,288,288,False,True,0.4805699633213354,0.0074147881832513,288.0,Pakistan,China,-0.15625,False,True,False,True,Large,False,False,False,False,False,False
Myanmar_vs_Nigeria,country,Activist Persecution Ground,0.1284722222222222,-0.0555555555555555,-0.0101699770817417,288,288,288,288,True,False,0.0086284082837475,0.1756408692146562,288.0,Myanmar,Nigeria,-0.1840277777777777,True,False,False,True,Large,False,False,False,False,False,False
Pakistan_vs_Ukraine,country,Activist Persecution Ground,0.0104166666666667,-0.125,-0.0537684729064039,288,288,288,288,False,True,0.785800204169476,0.0085198981049943,288.0,Pakistan,Ukraine,-0.1354166666666667,False,True,False,True,Large,False,False,False,False,False,False
China_vs_Pakistan,country,Activist Persecution Ground,-0.0277777777777777,0.1284722222222222,0.0769736011115321,288,288,288,288,False,True,0.4805699633213354,0.0074147881832513,288.0,China,Pakistan,0.15625,False,True,False,True,Large,False,False,False,False,False,False
Syria_vs_Pakistan,country,Activist Persecution Ground,-0.0381944444444445,0.1840277777777777,0.0977268062397372,288,288,288,288,False,True,0.3428491883795401,0.0008468476737717,288.0,Syria,Pakistan,0.2222222222222223,False,True,False,True,Very Large,False,True,False,True,False,True
Syria_vs_Nigeria,country,Activist Persecution Ground,0.017361111111111,0.0625,0.0441454991087343,288,288,288,288,False,False,0.6632665495003789,0.1505866089054461,288.0,Syria,Nigeria,0.0451388888888889,False,False,False,False,Small,False,False,False,False,False,False
Pakistan_vs_Nigeria,country,Activist Persecution Ground,0.0555555555555555,-0.1215277777777777,-0.0535813071310028,288,288,288,288,False,True,0.1864019018693583,0.0097937068888609,288.0,Pakistan,Nigeria,-0.1770833333333333,False,True,False,True,Large,False,False,False,False,False,False
Ukraine_vs_Syria,country,Activist Persecution Ground,0.0277777777777777,-0.0590277777777777,-0.0439583333333333,288,288,288,288,False,False,0.4843375444459612,0.1715936136250007,288.0,Ukraine,Syria,-0.0868055555555555,False,False,False,False,Medium,False,False,False,False,False,False
Pakistan_vs_Syria,country,Activist Persecution Ground,0.0381944444444445,-0.1840277777777777,-0.0977268062397372,288,288,288,288,False,True,0.3428491883795401,0.0008468476737717,288.0,Pakistan,Syria,-0.2222222222222223,False,True,False,True,Very Large,False,True,False,True,False,True
China_vs_Syria,country,Activist Persecution Ground,0.0104166666666667,-0.0555555555555555,-0.0207532051282051,288,288,288,288,False,False,0.7907226426984948,0.195159657895038,288.0,China,Syria,-0.0659722222222222,False,False,False,False,Medium,False,False,False,False,False,False
Myanmar_vs_China,country,Activist Persecution Ground,0.1006944444444444,-0.0625,-0.033562271062271,288,288,288,288,True,False,0.0259839936050811,0.1352175038669367,288.0,Myanmar,China,-0.1631944444444444,True,False,False,True,Large,False,False,False,False,False,False
China_vs_Nigeria,country,Activist Persecution Ground,0.0277777777777777,0.0069444444444444,0.0233922939805292,288,288,288,288,False,False,0.4899915123845701,0.8587530480634726,288.0,China,Nigeria,-0.0208333333333333,False,False,False,False,Small,False,False,False,False,False,False
Nigeria_vs_Ukraine,country,Activist Persecution Ground,-0.0451388888888888,-0.0034722222222222,-0.000187165775401,288,288,288,288,False,False,0.2738816870359875,0.9289205497099656,288.0,Nigeria,Ukraine,0.0416666666666665,False,False,False,False,Small,False,False,False,False,False,False
Myanmar_vs_Syria,country,Activist Persecution Ground,0.1111111111111111,-0.1180555555555555,-0.0543154761904761,288,288,288,288,True,True,0.0171492029536648,0.0157724338536866,288.0,Myanmar,Syria,-0.2291666666666666,True,True,True,False,Very Large,False,False,False,False,False,False
Pakistan_vs_Myanmar,country,Activist Persecution Ground,-0.0729166666666666,-0.0659722222222222,-0.043411330049261,288,288,288,288,True,False,0.0791976127665323,0.095047871467027,288.0,Pakistan,Myanmar,0.0069444444444443,True,False,False,True,Small,False,False,False,False,False,False
Nigeria_vs_China,country,Activist Persecution Ground,-0.0277777777777777,-0.0069444444444444,-0.0233922939805292,288,288,288,288,False,False,0.4899915123845701,0.8587530480634726,288.0,Nigeria,China,0.0208333333333333,False,False,False,False,Small,False,False,False,False,False,False
Nigeria_vs_Syria,country,Activist Persecution Ground,-0.017361111111111,-0.0625,-0.0441454991087343,288,288,288,288,False,False,0.6632665495003789,0.1505866089054461,288.0,Nigeria,Syria,-0.0451388888888889,False,False,False,False,Small,False,False,False,False,False,False
Ukraine_vs_Pakistan,country,Activist Persecution Ground,-0.0104166666666667,0.125,0.0537684729064039,288,288,288,288,False,True,0.785800204169476,0.0085198981049943,288.0,Ukraine,Pakistan,0.1354166666666667,False,True,False,True,Large,False,False,False,False,False,False
Syria_vs_Myanmar,country,3rd safe country - Country safety definition,-0.0416666666666667,-0.0416666666666666,,96,96,96,96,False,False,0.3414748300696111,0.507292877874929,,Syria,Myanmar,1.1102230246251563e-16,False,False,False,False,Small,False,False,False,False,False,False
Nigeria_vs_Myanmar,country,3rd safe country - Country safety definition,0.0104166666666666,-0.2083333333333333,,96,96,96,96,False,True,0.7747419995861358,0.0144082361202009,,Nigeria,Myanmar,-0.21875,False,True,False,True,Very Large,False,False,False,False,False,False
Ukraine_vs_Nigeria,country,3rd safe country - Country safety definition,-0.0625,0.1145833333333333,,96,96,96,96,False,False,0.1708821264480189,0.1351983307967466,,Ukraine,Nigeria,0.1770833333333333,False,False,False,False,Large,False,False,False,False,False,False
Syria_vs_China,country,3rd safe country - Country safety definition,-0.0729166666666667,0.0833333333333333,,96,96,96,96,False,False,0.0944993807226799,0.237039380383693,,Syria,China,0.1562500000000001,False,False,False,False,Large,False,False,False,False,False,False
Syria_vs_Ukraine,country,3rd safe country - Country safety definition,0.0104166666666666,0.0520833333333333,,96,96,96,96,False,False,0.8245052109061688,0.4372671996767001,,Syria,Ukraine,0.0416666666666667,False,False,False,False,Small,False,False,False,False,False,False
China_vs_Myanmar,country,3rd safe country - Country safety definition,0.03125,-0.125,,96,96,96,96,False,False,0.3688526647569721,0.0884080664097564,,China,Myanmar,-0.15625,False,False,False,False,Large,False,False,False,False,False,False
Myanmar_vs_Ukraine,country,3rd safe country - Country safety definition,0.0520833333333333,0.09375,,96,96,96,96,False,False,0.2538617624331147,0.1746474204524297,,Myanmar,Ukraine,0.0416666666666666,False,False,False,False,Small,False,False,False,False,False,False
China_vs_Ukraine,country,3rd safe country - Country safety definition,0.0833333333333333,-0.03125,,96,96,96,96,True,False,0.0688824333425581,0.647833875167132,,China,Ukraine,-0.1145833333333333,True,False,False,True,Large,False,False,False,False,False,False
Nigeria_vs_Pakistan,country,3rd safe country - Country safety definition,0.0625,-0.0416666666666667,,96,96,96,96,False,False,0.1708821264480189,0.5626281479889403,,Nigeria,Pakistan,-0.1041666666666667,False,False,False,False,Large,False,False,False,False,False,False
Myanmar_vs_Pakistan,country,3rd safe country - Country safety definition,0.0520833333333333,0.1666666666666666,,96,96,96,96,False,True,0.2538617624331147,0.0355144121880959,,Myanmar,Pakistan,0.1145833333333332,False,True,False,True,Large,False,False,False,False,False,False
Ukraine_vs_China,country,3rd safe country - Country safety definition,-0.0833333333333333,0.03125,,96,96,96,96,True,False,0.0688824333425581,0.647833875167132,,Ukraine,China,0.1145833333333333,True,False,False,True,Large,False,False,False,False,False,False
Ukraine_vs_Myanmar,country,3rd safe country - Country safety definition,-0.0520833333333333,-0.09375,,96,96,96,96,False,False,0.2538617624331147,0.1746474204524297,,Ukraine,Myanmar,-0.0416666666666666,False,False,False,False,Small,False,False,False,False,False,False
Pakistan_vs_China,country,3rd safe country - Country safety definition,-0.0833333333333333,-0.0416666666666666,,96,96,96,96,True,False,0.0688824333425581,0.5549233357434398,,Pakistan,China,0.0416666666666667,True,False,False,True,Small,False,False,False,False,False,False
Myanmar_vs_Nigeria,country,3rd safe country - Country safety definition,-0.0104166666666666,0.2083333333333333,,96,96,96,96,False,True,0.7747419995861358,0.0144082361202009,,Myanmar,Nigeria,0.21875,False,True,False,True,Very Large,False,False,False,False,False,False
Pakistan_vs_Ukraine,country,3rd safe country - Country safety definition,0.0,-0.0729166666666666,,96,96,96,96,False,False,1.0,0.3112041209686649,,Pakistan,Ukraine,-0.0729166666666666,False,False,False,False,Medium,False,False,False,False,False,False
China_vs_Pakistan,country,3rd safe country - Country safety definition,0.0833333333333333,0.0416666666666666,,96,96,96,96,True,False,0.0688824333425581,0.5549233357434398,,China,Pakistan,-0.0416666666666667,True,False,False,True,Small,False,False,False,False,False,False
Syria_vs_Pakistan,country,3rd safe country - Country safety definition,0.0104166666666666,0.125,,96,96,96,96,False,False,0.8245052109061688,0.0989522206165158,,Syria,Pakistan,0.1145833333333333,False,False,False,False,Large,False,False,False,False,False,False
Syria_vs_Nigeria,country,3rd safe country - Country safety definition,-0.0520833333333333,0.1666666666666667,,96,96,96,96,False,True,0.2328005232887424,0.0404831092795963,,Syria,Nigeria,0.2187500000000001,False,True,False,True,Very Large,False,False,False,False,False,False
Pakistan_vs_Nigeria,country,3rd safe country - Country safety definition,-0.0625,0.0416666666666667,,96,96,96,96,False,False,0.1708821264480189,0.5626281479889403,,Pakistan,Nigeria,0.1041666666666667,False,False,False,False,Large,False,False,False,False,False,False
Ukraine_vs_Syria,country,3rd safe country - Country safety definition,-0.0104166666666666,-0.0520833333333333,,96,96,96,96,False,False,0.8245052109061688,0.4372671996767001,,Ukraine,Syria,-0.0416666666666667,False,False,False,False,Small,False,False,False,False,False,False
Pakistan_vs_Syria,country,3rd safe country - Country safety definition,-0.0104166666666666,-0.125,,96,96,96,96,False,False,0.8245052109061688,0.0989522206165158,,Pakistan,Syria,-0.1145833333333333,False,False,False,False,Large,False,False,False,False,False,False
China_vs_Syria,country,3rd safe country - Country safety definition,0.0729166666666667,-0.0833333333333333,,96,96,96,96,False,False,0.0944993807226799,0.237039380383693,,China,Syria,-0.1562500000000001,False,False,False,False,Large,False,False,False,False,False,False
Myanmar_vs_China,country,3rd safe country - Country safety definition,-0.03125,0.125,,96,96,96,96,False,False,0.3688526647569721,0.0884080664097564,,Myanmar,China,0.15625,False,False,False,False,Large,False,False,False,False,False,False
China_vs_Nigeria,country,3rd safe country - Country safety definition,0.0208333333333333,0.0833333333333333,,96,96,96,96,False,False,0.5236096405988766,0.2618024243706729,,China,Nigeria,0.0625,False,False,False,False,Medium,False,False,False,False,False,False
Nigeria_vs_Ukraine,country,3rd safe country - Country safety definition,0.0625,-0.1145833333333333,,96,96,96,96,False,False,0.1708821264480189,0.1351983307967466,,Nigeria,Ukraine,-0.1770833333333333,False,False,False,False,Large,False,False,False,False,False,False
Myanmar_vs_Syria,country,3rd safe country - Country safety definition,0.0416666666666667,0.0416666666666666,,96,96,96,96,False,False,0.3414748300696111,0.507292877874929,,Myanmar,Syria,-1.1102230246251563e-16,False,False,False,False,Small,False,False,False,False,False,False
Pakistan_vs_Myanmar,country,3rd safe country - Country safety definition,-0.0520833333333333,-0.1666666666666666,,96,96,96,96,False,True,0.2538617624331147,0.0355144121880959,,Pakistan,Myanmar,-0.1145833333333332,False,True,False,True,Large,False,False,False,False,False,False
Nigeria_vs_China,country,3rd safe country - Country safety definition,-0.0208333333333333,-0.0833333333333333,,96,96,96,96,False,False,0.5236096405988766,0.2618024243706729,,Nigeria,China,-0.0625,False,False,False,False,Medium,False,False,False,False,False,False
Nigeria_vs_Syria,country,3rd safe country - Country safety definition,0.0520833333333333,-0.1666666666666667,,96,96,96,96,False,True,0.2328005232887424,0.0404831092795963,,Nigeria,Syria,-0.2187500000000001,False,True,False,True,Very Large,False,False,False,False,False,False
Ukraine_vs_Pakistan,country,3rd safe country - Country safety definition,0.0,0.0729166666666666,,96,96,96,96,False,False,1.0,0.3112041209686649,,Ukraine,Pakistan,0.0729166666666666,False,False,False,False,Medium,False,False,False,False,False,False
Syria_vs_Myanmar,country,Firm settlement,0.1296296296296296,0.0,-0.0,648,648,648,648,True,False,0.0001374280109747,,648.0,Syria,Myanmar,-0.1296296296296296,True,False,False,True,Large,True,False,False,False,True,True
Nigeria_vs_Myanmar,country,Firm settlement,0.0555555555555555,0.0,-0.0,648,648,648,648,True,False,0.0421492734583826,,648.0,Nigeria,Myanmar,-0.0555555555555555,True,False,False,True,Medium,False,False,False,False,False,False
Ukraine_vs_Nigeria,country,Firm settlement,-0.007716049382716,0.0,-0.0,648,648,648,648,False,False,0.7290101693136504,,648.0,Ukraine,Nigeria,0.007716049382716,False,False,False,False,Small,False,False,False,False,False,False
Syria_vs_China,country,Firm settlement,0.0169753086419753,0.0,-0.0,648,648,648,648,False,False,0.3783667437323756,,648.0,Syria,China,-0.0169753086419753,False,False,False,False,Small,False,False,False,False,False,False
Syria_vs_Ukraine,country,Firm settlement,0.0817901234567901,0.0,0.0,648,648,648,648,True,False,0.0033578026718288,,648.0,Syria,Ukraine,-0.0817901234567901,True,False,False,True,Medium,True,False,False,False,True,True
China_vs_Myanmar,country,Firm settlement,0.1126543209876542,0.0,0.0,648,648,648,648,True,False,0.0005555475687408,,648.0,China,Myanmar,-0.1126543209876542,True,False,False,True,Large,True,False,False,False,True,True
Myanmar_vs_Ukraine,country,Firm settlement,-0.0478395061728395,0.0,0.0,648,648,648,648,True,False,0.0721710716647978,,648.0,Myanmar,Ukraine,0.0478395061728395,True,False,False,True,Small,False,False,False,False,False,False
China_vs_Ukraine,country,Firm settlement,0.0648148148148147,0.0,0.0,648,648,648,648,True,False,0.0139403938320086,,648.0,China,Ukraine,-0.0648148148148147,True,False,False,True,Medium,False,False,False,False,False,False
Nigeria_vs_Pakistan,country,Firm settlement,0.0416666666666667,0.0,0.0,648,648,648,648,False,False,0.103138636821717,,648.0,Nigeria,Pakistan,-0.0416666666666667,False,False,False,False,Small,False,False,False,False,False,False
Myanmar_vs_Pakistan,country,Firm settlement,-0.0138888888888888,0.0,0.0,648,648,648,648,False,False,0.5658126407362256,,648.0,Myanmar,Pakistan,0.0138888888888888,False,False,False,False,Small,False,False,False,False,False,False
Ukraine_vs_China,country,Firm settlement,-0.0648148148148147,0.0,-0.0,648,648,648,648,True,False,0.0139403938320086,,648.0,Ukraine,China,0.0648148148148147,True,False,False,True,Medium,False,False,False,False,False,False
Ukraine_vs_Myanmar,country,Firm settlement,0.0478395061728395,0.0,-0.0,648,648,648,648,True,False,0.0721710716647978,,648.0,Ukraine,Myanmar,-0.0478395061728395,True,False,False,True,Small,False,False,False,False,False,False
Pakistan_vs_China,country,Firm settlement,-0.0987654320987654,0.0,-0.0,648,648,648,648,True,False,0.0013775795632058,,648.0,Pakistan,China,0.0987654320987654,True,False,False,True,Medium,True,False,False,False,True,True
Myanmar_vs_Nigeria,country,Firm settlement,-0.0555555555555555,0.0,0.0,648,648,648,648,True,False,0.0421492734583826,,648.0,Myanmar,Nigeria,0.0555555555555555,True,False,False,True,Medium,False,False,False,False,False,False
Pakistan_vs_Ukraine,country,Firm settlement,-0.0339506172839506,0.0,0.0,648,648,648,648,False,False,0.172948002158825,,648.0,Pakistan,Ukraine,0.0339506172839506,False,False,False,False,Small,False,False,False,False,False,False
China_vs_Pakistan,country,Firm settlement,0.0987654320987654,0.0,0.0,648,648,648,648,True,False,0.0013775795632058,,648.0,China,Pakistan,-0.0987654320987654,True,False,False,True,Medium,True,False,False,False,True,True
Syria_vs_Pakistan,country,Firm settlement,0.1157407407407408,0.0,-0.0,648,648,648,648,True,False,0.0003375875377258,,648.0,Syria,Pakistan,-0.1157407407407408,True,False,False,True,Large,True,False,False,False,True,True
Syria_vs_Nigeria,country,Firm settlement,0.074074074074074,0.0,-0.0,648,648,648,648,True,False,0.0057872489551162,,648.0,Syria,Nigeria,-0.074074074074074,True,False,False,True,Medium,False,False,False,False,False,False
Pakistan_vs_Nigeria,country,Firm settlement,-0.0416666666666667,0.0,-0.0,648,648,648,648,False,False,0.103138636821717,,648.0,Pakistan,Nigeria,0.0416666666666667,False,False,False,False,Small,False,False,False,False,False,False
Ukraine_vs_Syria,country,Firm settlement,-0.0817901234567901,0.0,-0.0,648,648,648,648,True,False,0.0033578026718288,,648.0,Ukraine,Syria,0.0817901234567901,True,False,False,True,Medium,True,False,False,False,True,True
Pakistan_vs_Syria,country,Firm settlement,-0.1157407407407408,0.0,0.0,648,648,648,648,True,False,0.0003375875377258,,648.0,Pakistan,Syria,0.1157407407407408,True,False,False,True,Large,True,False,False,False,True,True
China_vs_Syria,country,Firm settlement,-0.0169753086419753,0.0,0.0,648,648,648,648,False,False,0.3783667437323756,,648.0,China,Syria,0.0169753086419753,False,False,False,False,Small,False,False,False,False,False,False
Myanmar_vs_China,country,Firm settlement,-0.1126543209876542,0.0,-0.0,648,648,648,648,True,False,0.0005555475687408,,648.0,Myanmar,China,0.1126543209876542,True,False,False,True,Large,True,False,False,False,True,True
China_vs_Nigeria,country,Firm settlement,0.0570987654320986,0.0,0.0,648,648,648,648,True,False,0.0240416422709839,,648.0,China,Nigeria,-0.0570987654320986,True,False,False,True,Medium,False,False,False,False,False,False
Nigeria_vs_Ukraine,country,Firm settlement,0.007716049382716,0.0,0.0,648,648,648,648,False,False,0.7290101693136504,,648.0,Nigeria,Ukraine,-0.007716049382716,False,False,False,False,Small,False,False,False,False,False,False
Myanmar_vs_Syria,country,Firm settlement,-0.1296296296296296,0.0,0.0,648,648,648,648,True,False,0.0001374280109747,,648.0,Myanmar,Syria,0.1296296296296296,True,False,False,True,Large,True,False,False,False,True,True
Pakistan_vs_Myanmar,country,Firm settlement,0.0138888888888888,0.0,-0.0,648,648,648,648,False,False,0.5658126407362256,,648.0,Pakistan,Myanmar,-0.0138888888888888,False,False,False,False,Small,False,False,False,False,False,False
Nigeria_vs_China,country,Firm settlement,-0.0570987654320986,0.0,-0.0,648,648,648,648,True,False,0.0240416422709839,,648.0,Nigeria,China,0.0570987654320986,True,False,False,True,Medium,False,False,False,False,False,False
Nigeria_vs_Syria,country,Firm settlement,-0.074074074074074,0.0,0.0,648,648,648,648,True,False,0.0057872489551162,,648.0,Nigeria,Syria,0.074074074074074,True,False,False,True,Medium,False,False,False,False,False,False
Ukraine_vs_Pakistan,country,Firm settlement,0.0339506172839506,0.0,-0.0,648,648,648,648,False,False,0.172948002158825,,648.0,Ukraine,Pakistan,-0.0339506172839506,False,False,False,False,Small,False,False,False,False,False,False
Syria_vs_Myanmar,country,Assimilation Potential,0.0444444444444444,0.0277777777777777,,360,360,360,360,True,False,0.0195657810129863,0.0970324129785891,,Syria,Myanmar,-0.0166666666666666,True,False,False,True,Small,False,False,False,False,False,False
Nigeria_vs_Myanmar,country,Assimilation Potential,0.0,-0.0222222222222221,,360,360,360,360,False,False,1.0,0.2585669685848919,,Nigeria,Myanmar,-0.0222222222222221,False,False,False,False,Small,False,False,False,False,False,False
Ukraine_vs_Nigeria,country,Assimilation Potential,0.0027777777777777,0.0138888888888888,,360,360,360,360,False,False,0.8801993651698312,0.4776740820560023,,Ukraine,Nigeria,0.011111111111111,False,False,False,False,Small,False,False,False,False,False,False
Syria_vs_China,country,Assimilation Potential,0.0027777777777777,0.0527777777777778,,360,360,360,360,False,True,0.8066246714594858,0.0134910328733037,,Syria,China,0.05,False,True,False,True,Medium,False,False,False,False,False,False
Syria_vs_Ukraine,country,Assimilation Potential,0.0416666666666666,0.036111111111111,,360,360,360,360,True,True,0.0243822822135142,0.0483975770160247,,Syria,Ukraine,-0.0055555555555555,True,True,True,False,Small,False,False,False,False,False,False
China_vs_Myanmar,country,Assimilation Potential,0.0416666666666666,-0.025,,360,360,360,360,True,False,0.0276946577292109,0.2133246884871691,,China,Myanmar,-0.0666666666666666,True,False,False,True,Medium,False,False,False,False,False,False
Myanmar_vs_Ukraine,country,Assimilation Potential,-0.0027777777777777,0.0083333333333333,,360,360,360,360,False,False,0.8801993651698312,0.6403857313262538,,Myanmar,Ukraine,0.011111111111111,False,False,False,False,Small,False,False,False,False,False,False
China_vs_Ukraine,country,Assimilation Potential,0.0388888888888888,-0.0166666666666667,,360,360,360,360,True,False,0.0345819603740575,0.4025093330899676,,China,Ukraine,-0.0555555555555555,True,False,False,True,Medium,False,False,False,False,False,False
Nigeria_vs_Pakistan,country,Assimilation Potential,-0.0083333333333333,-0.0333333333333333,,360,360,360,360,False,False,0.6472972957060938,0.0967373877561146,,Nigeria,Pakistan,-0.025,False,False,False,False,Small,False,False,False,False,False,False
Myanmar_vs_Pakistan,country,Assimilation Potential,-0.0083333333333333,-0.0111111111111111,,360,360,360,360,False,False,0.6472972957060938,0.5026782269138526,,Myanmar,Pakistan,-0.0027777777777778,False,False,False,False,Small,False,False,False,False,False,False
Ukraine_vs_China,country,Assimilation Potential,-0.0388888888888888,0.0166666666666667,,360,360,360,360,True,False,0.0345819603740575,0.4025093330899676,,Ukraine,China,0.0555555555555555,True,False,False,True,Medium,False,False,False,False,False,False
Ukraine_vs_Myanmar,country,Assimilation Potential,0.0027777777777777,-0.0083333333333333,,360,360,360,360,False,False,0.8801993651698312,0.6403857313262538,,Ukraine,Myanmar,-0.011111111111111,False,False,False,False,Small,False,False,False,False,False,False
Pakistan_vs_China,country,Assimilation Potential,-0.0333333333333333,0.0361111111111112,,360,360,360,360,True,True,0.0546977690642016,0.0787917346621061,,Pakistan,China,0.0694444444444445,True,True,True,False,Medium,False,False,False,False,False,False
Myanmar_vs_Nigeria,country,Assimilation Potential,0.0,0.0222222222222221,,360,360,360,360,False,False,1.0,0.2585669685848919,,Myanmar,Nigeria,0.0222222222222221,False,False,False,False,Small,False,False,False,False,False,False
Pakistan_vs_Ukraine,country,Assimilation Potential,0.0055555555555555,0.0194444444444444,,360,360,360,360,False,False,0.7567015953709739,0.2742923427139256,,Pakistan,Ukraine,0.0138888888888889,False,False,False,False,Small,False,False,False,False,False,False
China_vs_Pakistan,country,Assimilation Potential,0.0333333333333333,-0.0361111111111112,,360,360,360,360,True,True,0.0546977690642016,0.0787917346621061,,China,Pakistan,-0.0694444444444445,True,True,True,False,Medium,False,False,False,False,False,False
Syria_vs_Pakistan,country,Assimilation Potential,0.036111111111111,0.0166666666666666,,360,360,360,360,True,False,0.0384453583308572,0.2573810423735598,,Syria,Pakistan,-0.0194444444444444,True,False,False,True,Small,False,False,False,False,False,False
Syria_vs_Nigeria,country,Assimilation Potential,0.0444444444444444,0.0499999999999999,,360,360,360,360,True,True,0.0195657810129863,0.0165258924015168,,Syria,Nigeria,0.0055555555555555,True,True,True,False,Small,False,False,False,False,False,False
Pakistan_vs_Nigeria,country,Assimilation Potential,0.0083333333333333,0.0333333333333333,,360,360,360,360,False,False,0.6472972957060938,0.0967373877561146,,Pakistan,Nigeria,0.025,False,False,False,False,Small,False,False,False,False,False,False
Ukraine_vs_Syria,country,Assimilation Potential,-0.0416666666666666,-0.036111111111111,,360,360,360,360,True,True,0.0243822822135142,0.0483975770160247,,Ukraine,Syria,0.0055555555555555,True,True,True,False,Small,False,False,False,False,False,False
Pakistan_vs_Syria,country,Assimilation Potential,-0.036111111111111,-0.0166666666666666,,360,360,360,360,True,False,0.0384453583308572,0.2573810423735598,,Pakistan,Syria,0.0194444444444444,True,False,False,True,Small,False,False,False,False,False,False
China_vs_Syria,country,Assimilation Potential,-0.0027777777777777,-0.0527777777777778,,360,360,360,360,False,True,0.8066246714594858,0.0134910328733037,,China,Syria,-0.05,False,True,False,True,Medium,False,False,False,False,False,False
Myanmar_vs_China,country,Assimilation Potential,-0.0416666666666666,0.025,,360,360,360,360,True,False,0.0276946577292109,0.2133246884871691,,Myanmar,China,0.0666666666666666,True,False,False,True,Medium,False,False,False,False,False,False
China_vs_Nigeria,country,Assimilation Potential,0.0416666666666666,-0.0027777777777778,,360,360,360,360,True,False,0.0276946577292109,0.8903114689402332,,China,Nigeria,-0.0444444444444445,True,False,False,True,Small,False,False,False,False,False,False
Nigeria_vs_Ukraine,country,Assimilation Potential,-0.0027777777777777,-0.0138888888888888,,360,360,360,360,False,False,0.8801993651698312,0.4776740820560023,,Nigeria,Ukraine,-0.011111111111111,False,False,False,False,Small,False,False,False,False,False,False
Myanmar_vs_Syria,country,Assimilation Potential,-0.0444444444444444,-0.0277777777777777,,360,360,360,360,True,False,0.0195657810129863,0.0970324129785891,,Myanmar,Syria,0.0166666666666666,True,False,False,True,Small,False,False,False,False,False,False
Pakistan_vs_Myanmar,country,Assimilation Potential,0.0083333333333333,0.0111111111111111,,360,360,360,360,False,False,0.6472972957060938,0.5026782269138526,,Pakistan,Myanmar,0.0027777777777778,False,False,False,False,Small,False,False,False,False,False,False
Nigeria_vs_China,country,Assimilation Potential,-0.0416666666666666,0.0027777777777778,,360,360,360,360,True,False,0.0276946577292109,0.8903114689402332,,Nigeria,China,0.0444444444444445,True,False,False,True,Small,False,False,False,False,False,False
Nigeria_vs_Syria,country,Assimilation Potential,-0.0444444444444444,-0.0499999999999999,,360,360,360,360,True,True,0.0195657810129863,0.0165258924015168,,Nigeria,Syria,-0.0055555555555555,True,True,True,False,Small,False,False,False,False,False,False
Ukraine_vs_Pakistan,country,Assimilation Potential,-0.0055555555555555,-0.0194444444444444,,360,360,360,360,False,False,0.7567015953709739,0.2742923427139256,,Ukraine,Pakistan,-0.0138888888888889,False,False,False,False,Small,False,False,False,False,False,False
Syria_vs_Myanmar,country,Financial stability,0.0416666666666666,-0.1111111111111111,,72,72,72,72,False,True,0.5658126407362245,0.053666226311229,,Syria,Myanmar,-0.1527777777777778,False,True,False,True,Large,False,False,False,False,False,False
Nigeria_vs_Myanmar,country,Financial stability,-0.1527777777777778,0.0,,72,72,72,72,False,False,0.0872651836362057,1.0,,Nigeria,Myanmar,0.1527777777777778,False,False,False,False,Large,False,False,False,False,False,False
Ukraine_vs_Nigeria,country,Financial stability,-0.0138888888888889,-0.0138888888888889,-0.024390243902439,72,72,72,72,False,False,0.8662458775097843,0.7003086753233663,72.0,Ukraine,Nigeria,0.0,False,False,False,False,Small,False,False,False,False,False,False
Syria_vs_China,country,Financial stability,0.0,-0.0833333333333333,,72,72,72,72,False,False,1.0,0.1463578413445274,,Syria,China,-0.0833333333333333,False,False,False,False,Medium,False,False,False,False,False,False
Syria_vs_Ukraine,country,Financial stability,0.2083333333333333,-0.0972222222222222,,72,72,72,72,True,False,0.0280137610461059,0.0906722254700933,,Syria,Ukraine,-0.3055555555555556,True,False,False,True,Very Large,False,False,False,False,False,False
China_vs_Myanmar,country,Financial stability,0.0416666666666666,-0.0277777777777777,,72,72,72,72,False,False,0.5658126407362245,0.4769376272889594,,China,Myanmar,-0.0694444444444444,False,False,False,False,Medium,False,False,False,False,False,False
Myanmar_vs_Ukraine,country,Financial stability,0.1666666666666667,0.0138888888888889,,72,72,72,72,True,False,0.0676697532989805,0.7003086753233663,,Myanmar,Ukraine,-0.1527777777777778,True,False,False,True,Large,False,False,False,False,False,False
China_vs_Ukraine,country,Financial stability,0.2083333333333333,-0.0138888888888888,,72,72,72,72,True,False,0.0280137610461059,0.7320222146647439,,China,Ukraine,-0.2222222222222222,True,False,False,True,Very Large,False,False,False,False,False,False
Nigeria_vs_Pakistan,country,Financial stability,-0.1944444444444444,0.0138888888888889,,72,72,72,72,True,False,0.0362244334520336,0.7003086753233663,,Nigeria,Pakistan,0.2083333333333333,True,False,False,True,Very Large,False,False,False,False,False,False
Myanmar_vs_Pakistan,country,Financial stability,-0.0416666666666666,0.0138888888888889,,72,72,72,72,False,False,0.5658126407362245,0.7003086753233663,,Myanmar,Pakistan,0.0555555555555555,False,False,False,False,Medium,False,False,False,False,False,False
Ukraine_vs_China,country,Financial stability,-0.2083333333333333,0.0138888888888888,,72,72,72,72,True,False,0.0280137610461059,0.7320222146647439,,Ukraine,China,0.2222222222222222,True,False,False,True,Very Large,False,False,False,False,False,False
Ukraine_vs_Myanmar,country,Financial stability,-0.1666666666666667,-0.0138888888888889,,72,72,72,72,True,False,0.0676697532989805,0.7003086753233663,,Ukraine,Myanmar,0.1527777777777778,True,False,False,True,Large,False,False,False,False,False,False
Pakistan_vs_China,country,Financial stability,0.0,0.0138888888888888,,72,72,72,72,False,False,1.0,0.7320222146647439,,Pakistan,China,0.0138888888888888,False,False,False,False,Small,False,False,False,False,False,False
Myanmar_vs_Nigeria,country,Financial stability,0.1527777777777778,0.0,,72,72,72,72,False,False,0.0872651836362057,1.0,,Myanmar,Nigeria,-0.1527777777777778,False,False,False,False,Large,False,False,False,False,False,False
Pakistan_vs_Ukraine,country,Financial stability,0.2083333333333333,0.0,,72,72,72,72,True,False,0.0280137610461059,1.0,,Pakistan,Ukraine,-0.2083333333333333,True,False,False,True,Very Large,False,False,False,False,False,False
China_vs_Pakistan,country,Financial stability,0.0,-0.0138888888888888,,72,72,72,72,False,False,1.0,0.7320222146647439,,China,Pakistan,-0.0138888888888888,False,False,False,False,Small,False,False,False,False,False,False
Syria_vs_Pakistan,country,Financial stability,0.0,-0.0972222222222222,,72,72,72,72,False,False,1.0,0.0906722254700933,,Syria,Pakistan,-0.0972222222222222,False,False,False,False,Medium,False,False,False,False,False,False
Syria_vs_Nigeria,country,Financial stability,0.1944444444444444,-0.1111111111111111,,72,72,72,72,True,True,0.0362244334520336,0.053666226311229,,Syria,Nigeria,-0.3055555555555556,True,True,True,False,Very Large,False,False,False,False,False,False
Pakistan_vs_Nigeria,country,Financial stability,0.1944444444444444,-0.0138888888888889,,72,72,72,72,True,False,0.0362244334520336,0.7003086753233663,,Pakistan,Nigeria,-0.2083333333333333,True,False,False,True,Very Large,False,False,False,False,False,False
Ukraine_vs_Syria,country,Financial stability,-0.2083333333333333,0.0972222222222222,,72,72,72,72,True,False,0.0280137610461059,0.0906722254700933,,Ukraine,Syria,0.3055555555555556,True,False,False,True,Very Large,False,False,False,False,False,False
Pakistan_vs_Syria,country,Financial stability,0.0,0.0972222222222222,,72,72,72,72,False,False,1.0,0.0906722254700933,,Pakistan,Syria,0.0972222222222222,False,False,False,False,Medium,False,False,False,False,False,False
China_vs_Syria,country,Financial stability,0.0,0.0833333333333333,,72,72,72,72,False,False,1.0,0.1463578413445274,,China,Syria,0.0833333333333333,False,False,False,False,Medium,False,False,False,False,False,False
Myanmar_vs_China,country,Financial stability,-0.0416666666666666,0.0277777777777777,,72,72,72,72,False,False,0.5658126407362245,0.4769376272889594,,Myanmar,China,0.0694444444444444,False,False,False,False,Medium,False,False,False,False,False,False
China_vs_Nigeria,country,Financial stability,0.1944444444444444,-0.0277777777777777,,72,72,72,72,True,False,0.0362244334520336,0.4769376272889594,,China,Nigeria,-0.2222222222222222,True,False,False,True,Very Large,False,False,False,False,False,False
Nigeria_vs_Ukraine,country,Financial stability,0.0138888888888889,0.0138888888888889,0.024390243902439,72,72,72,72,False,False,0.8662458775097843,0.7003086753233663,72.0,Nigeria,Ukraine,0.0,False,False,False,False,Small,False,False,False,False,False,False
Myanmar_vs_Syria,country,Financial stability,-0.0416666666666666,0.1111111111111111,,72,72,72,72,False,True,0.5658126407362245,0.053666226311229,,Myanmar,Syria,0.1527777777777778,False,True,False,True,Large,False,False,False,False,False,False
Pakistan_vs_Myanmar,country,Financial stability,0.0416666666666666,-0.0138888888888889,,72,72,72,72,False,False,0.5658126407362245,0.7003086753233663,,Pakistan,Myanmar,-0.0555555555555555,False,False,False,False,Medium,False,False,False,False,False,False
Nigeria_vs_China,country,Financial stability,-0.1944444444444444,0.0277777777777777,,72,72,72,72,True,False,0.0362244334520336,0.4769376272889594,,Nigeria,China,0.2222222222222222,True,False,False,True,Very Large,False,False,False,False,False,False
Nigeria_vs_Syria,country,Financial stability,-0.1944444444444444,0.1111111111111111,,72,72,72,72,True,True,0.0362244334520336,0.053666226311229,,Nigeria,Syria,0.3055555555555556,True,True,True,False,Very Large,False,False,False,False,False,False
Ukraine_vs_Pakistan,country,Financial stability,-0.2083333333333333,0.0,,72,72,72,72,True,False,0.0280137610461059,1.0,,Ukraine,Pakistan,0.2083333333333333,True,False,False,True,Very Large,False,False,False,False,False,False
Syria_vs_Myanmar,country,Intentions regarding work in the UK,0.1284722222222222,-0.0902777777777776,,288,288,288,288,True,True,0.0022106826585588,0.0235683304194416,,Syria,Myanmar,-0.2187499999999999,True,True,True,False,Very Large,True,False,False,False,True,True
Nigeria_vs_Myanmar,country,Intentions regarding work in the UK,-0.1770833333333333,-0.2013888888888888,-0.0639080459770115,288,288,288,288,True,True,0.0012845537252426,0.0002490507650576,288.0,Nigeria,Myanmar,-0.0243055555555554,True,True,True,False,Small,True,True,True,False,False,True
Ukraine_vs_Nigeria,country,Intentions regarding work in the UK,0.0833333333333333,-0.0694444444444444,-0.0938697318007663,288,288,288,288,True,False,0.0686724929527613,0.1210987199685491,288.0,Ukraine,Nigeria,-0.1527777777777778,True,False,False,True,Large,False,False,False,False,False,False
Syria_vs_China,country,Intentions regarding work in the UK,0.1145833333333333,0.1493055555555555,,288,288,288,288,True,True,0.0041055814617163,0.0040630652496038,,Syria,China,0.0347222222222222,True,True,True,False,Small,True,True,True,False,False,True
Syria_vs_Ukraine,country,Intentions regarding work in the UK,0.2222222222222222,0.1805555555555555,,288,288,288,288,True,True,4.92892114452026e-05,0.001228763423883,,Syria,Ukraine,-0.0416666666666666,True,True,True,False,Small,True,True,True,False,False,True
China_vs_Myanmar,country,Intentions regarding work in the UK,0.0138888888888888,-0.2395833333333332,-0.2249781659388646,288,288,288,288,False,True,0.6855605559222999,5.897488719330824e-05,288.0,China,Myanmar,-0.2534722222222221,False,True,False,True,Very Large,False,True,False,True,False,True
Myanmar_vs_Ukraine,country,Intentions regarding work in the UK,0.09375,0.2708333333333332,0.1577777777777778,288,288,288,288,True,True,0.0337565305280946,1.8721949561317786e-05,288.0,Myanmar,Ukraine,0.1770833333333332,True,True,True,False,Large,False,True,False,True,False,True
China_vs_Ukraine,country,Intentions regarding work in the UK,0.1076388888888888,0.03125,-0.0672003881610868,288,288,288,288,True,False,0.0179035689948747,0.4549021078319946,288.0,China,Ukraine,-0.0763888888888888,True,False,False,True,Medium,False,False,False,False,False,False
Nigeria_vs_Pakistan,country,Intentions regarding work in the UK,-0.1840277777777778,0.0555555555555555,0.1112461390450149,288,288,288,288,True,False,0.0009398944678946,0.1992122617003722,288.0,Nigeria,Pakistan,0.2395833333333333,True,False,False,True,Very Large,True,False,False,False,True,True
Myanmar_vs_Pakistan,country,Intentions regarding work in the UK,-0.0069444444444444,0.2569444444444444,0.1751541850220264,288,288,288,288,False,True,0.8396253509482792,3.108241642602039e-05,288.0,Myanmar,Pakistan,0.2638888888888888,False,True,False,True,Very Large,False,True,False,True,False,True
Ukraine_vs_China,country,Intentions regarding work in the UK,-0.1076388888888888,-0.03125,0.0672003881610868,288,288,288,288,True,False,0.0179035689948747,0.4549021078319946,288.0,Ukraine,China,0.0763888888888888,True,False,False,True,Medium,False,False,False,False,False,False
Ukraine_vs_Myanmar,country,Intentions regarding work in the UK,-0.09375,-0.2708333333333332,-0.1577777777777778,288,288,288,288,True,True,0.0337565305280946,1.8721949561317786e-05,288.0,Ukraine,Myanmar,-0.1770833333333332,True,True,True,False,Large,False,True,False,True,False,True
Pakistan_vs_China,country,Intentions regarding work in the UK,-0.0069444444444444,-0.0173611111111111,0.0498239809168382,288,288,288,288,False,False,0.8377248886460793,0.6718947676697051,288.0,Pakistan,China,-0.0104166666666667,False,False,False,False,Small,False,False,False,False,False,False
Myanmar_vs_Nigeria,country,Intentions regarding work in the UK,0.1770833333333333,0.2013888888888888,0.0639080459770115,288,288,288,288,True,True,0.0012845537252426,0.0002490507650576,288.0,Myanmar,Nigeria,0.0243055555555554,True,True,True,False,Small,True,True,True,False,False,True
Pakistan_vs_Ukraine,country,Intentions regarding work in the UK,0.1006944444444444,0.0138888888888888,-0.0173764072442486,288,288,288,288,True,False,0.0246369393100212,0.7356647572094843,288.0,Pakistan,Ukraine,-0.0868055555555555,True,False,False,True,Medium,False,False,False,False,False,False
China_vs_Pakistan,country,Intentions regarding work in the UK,0.0069444444444444,0.0173611111111111,-0.0498239809168382,288,288,288,288,False,False,0.8377248886460793,0.6718947676697051,288.0,China,Pakistan,0.0104166666666667,False,False,False,False,Small,False,False,False,False,False,False
Syria_vs_Pakistan,country,Intentions regarding work in the UK,0.1215277777777777,0.1666666666666667,,288,288,288,288,True,True,0.0030058690795491,0.0020852482364128,,Syria,Pakistan,0.0451388888888889,True,True,True,False,Small,True,True,True,False,False,True
Syria_vs_Nigeria,country,Intentions regarding work in the UK,0.3055555555555556,0.1111111111111111,,288,288,288,288,True,True,0.0,0.018067726181068,,Syria,Nigeria,-0.1944444444444444,True,True,True,False,Large,True,False,False,False,True,True
Pakistan_vs_Nigeria,country,Intentions regarding work in the UK,0.1840277777777778,-0.0555555555555555,-0.1112461390450149,288,288,288,288,True,False,0.0009398944678946,0.1992122617003722,288.0,Pakistan,Nigeria,-0.2395833333333333,True,False,False,True,Very Large,True,False,False,False,True,True
Ukraine_vs_Syria,country,Intentions regarding work in the UK,-0.2222222222222222,-0.1805555555555555,,288,288,288,288,True,True,4.92892114452026e-05,0.001228763423883,,Ukraine,Syria,0.0416666666666666,True,True,True,False,Small,True,True,True,False,False,True
Pakistan_vs_Syria,country,Intentions regarding work in the UK,-0.1215277777777777,-0.1666666666666667,,288,288,288,288,True,True,0.0030058690795491,0.0020852482364128,,Pakistan,Syria,-0.0451388888888889,True,True,True,False,Small,True,True,True,False,False,True
China_vs_Syria,country,Intentions regarding work in the UK,-0.1145833333333333,-0.1493055555555555,,288,288,288,288,True,True,0.0041055814617163,0.0040630652496038,,China,Syria,-0.0347222222222222,True,True,True,False,Small,True,True,True,False,False,True
Myanmar_vs_China,country,Intentions regarding work in the UK,-0.0138888888888888,0.2395833333333332,0.2249781659388646,288,288,288,288,False,True,0.6855605559222999,5.897488719330824e-05,288.0,Myanmar,China,0.2534722222222221,False,True,False,True,Very Large,False,True,False,True,False,True
China_vs_Nigeria,country,Intentions regarding work in the UK,0.1909722222222222,-0.0381944444444444,-0.1610701199618531,288,288,288,288,True,False,0.0006859366698217,0.3585888402043582,288.0,China,Nigeria,-0.2291666666666666,True,False,False,True,Very Large,True,False,False,False,True,True
Nigeria_vs_Ukraine,country,Intentions regarding work in the UK,-0.0833333333333333,0.0694444444444444,0.0938697318007663,288,288,288,288,True,False,0.0686724929527613,0.1210987199685491,288.0,Nigeria,Ukraine,0.1527777777777778,True,False,False,True,Large,False,False,False,False,False,False
Myanmar_vs_Syria,country,Intentions regarding work in the UK,-0.1284722222222222,0.0902777777777776,,288,288,288,288,True,True,0.0022106826585588,0.0235683304194416,,Myanmar,Syria,0.2187499999999999,True,True,True,False,Very Large,True,False,False,False,True,True
Pakistan_vs_Myanmar,country,Intentions regarding work in the UK,0.0069444444444444,-0.2569444444444444,-0.1751541850220264,288,288,288,288,False,True,0.8396253509482792,3.108241642602039e-05,288.0,Pakistan,Myanmar,-0.2638888888888888,False,True,False,True,Very Large,False,True,False,True,False,True
Nigeria_vs_China,country,Intentions regarding work in the UK,-0.1909722222222222,0.0381944444444444,0.1610701199618531,288,288,288,288,True,False,0.0006859366698217,0.3585888402043582,288.0,Nigeria,China,0.2291666666666666,True,False,False,True,Very Large,True,False,False,False,True,True
Nigeria_vs_Syria,country,Intentions regarding work in the UK,-0.3055555555555556,-0.1111111111111111,,288,288,288,288,True,True,0.0,0.018067726181068,,Nigeria,Syria,0.1944444444444444,True,True,True,False,Large,True,False,False,False,True,True
Ukraine_vs_Pakistan,country,Intentions regarding work in the UK,-0.1006944444444444,-0.0138888888888888,0.0173764072442486,288,288,288,288,True,False,0.0246369393100212,0.7356647572094843,288.0,Ukraine,Pakistan,0.0868055555555555,True,False,False,True,Medium,False,False,False,False,False,False
Syria_vs_Myanmar,country,Intentions regarding education in the UK,0.1076388888888889,-0.017361111111111,,288,288,288,288,True,False,0.006306847916196,0.2901504069122931,,Syria,Myanmar,-0.125,True,False,False,True,Large,False,False,False,False,False,False
Nigeria_vs_Myanmar,country,Intentions regarding education in the UK,-0.2222222222222222,-0.0416666666666666,-0.0205901812888712,288,288,288,288,True,True,0.0002117183161161,0.047777672932979,288.0,Nigeria,Myanmar,0.1805555555555555,True,True,True,False,Large,True,False,False,False,True,True
Ukraine_vs_Nigeria,country,Intentions regarding education in the UK,0.1770833333333333,-0.0034722222222222,-0.0177609427609427,288,288,288,288,True,False,0.0015437504407258,0.8714204773558034,288.0,Ukraine,Nigeria,-0.1805555555555555,True,False,False,True,Large,True,False,False,False,True,True
Syria_vs_China,country,Intentions regarding education in the UK,0.125,0.03125,,288,288,288,288,True,False,0.0029026655874175,0.1510301571444956,,Syria,China,-0.09375,True,False,False,True,Medium,True,False,False,False,True,True
Syria_vs_Ukraine,country,Intentions regarding education in the UK,0.1527777777777778,0.0277777777777777,,288,288,288,288,True,False,0.0008839715816113,0.1894941772771656,,Syria,Ukraine,-0.125,True,False,False,True,Large,True,False,False,False,True,True
China_vs_Myanmar,country,Intentions regarding education in the UK,-0.017361111111111,-0.048611111111111,-0.0272730817217716,288,288,288,288,False,True,0.6152524135247157,0.0298580797739274,288.0,China,Myanmar,-0.03125,False,True,False,True,Small,False,False,False,False,False,False
Myanmar_vs_Ukraine,country,Intentions regarding education in the UK,0.0451388888888888,0.0451388888888888,0.038351124049814,288,288,288,288,False,True,0.2256715716708968,0.0376691387899472,288.0,Myanmar,Ukraine,0.0,False,True,False,True,Small,False,False,False,False,False,False
China_vs_Ukraine,country,Intentions regarding education in the UK,0.0277777777777777,-0.0034722222222222,0.0110780423280423,288,288,288,288,False,False,0.4445375883428817,0.8741810920864532,288.0,China,Ukraine,-0.03125,False,False,False,False,Small,False,False,False,False,False,False
Nigeria_vs_Pakistan,country,Intentions regarding education in the UK,-0.2465277777777778,0.0208333333333333,0.0296096558808423,288,288,288,288,True,False,6.967708317384691e-05,0.3733724152582036,288.0,Nigeria,Pakistan,0.2673611111111111,True,False,False,True,Very Large,True,False,False,False,True,True
Myanmar_vs_Pakistan,country,Intentions regarding education in the UK,-0.0243055555555555,0.0625,0.0501998371697135,288,288,288,288,False,True,0.4700952415007953,0.0123843518065338,288.0,Myanmar,Pakistan,0.0868055555555555,False,True,False,True,Medium,False,False,False,False,False,False
Ukraine_vs_China,country,Intentions regarding education in the UK,-0.0277777777777777,0.0034722222222222,-0.0110780423280423,288,288,288,288,False,False,0.4445375883428817,0.8741810920864532,288.0,Ukraine,China,0.03125,False,False,False,False,Small,False,False,False,False,False,False
Ukraine_vs_Myanmar,country,Intentions regarding education in the UK,-0.0451388888888888,-0.0451388888888888,-0.038351124049814,288,288,288,288,False,True,0.2256715716708968,0.0376691387899472,288.0,Ukraine,Myanmar,0.0,False,True,False,True,Small,False,False,False,False,False,False
Pakistan_vs_China,country,Intentions regarding education in the UK,0.0416666666666666,-0.0138888888888889,-0.0229267554479418,288,288,288,288,False,False,0.2406091736124715,0.5528418714746279,288.0,Pakistan,China,-0.0555555555555555,False,False,False,False,Medium,False,False,False,False,False,False
Myanmar_vs_Nigeria,country,Intentions regarding education in the UK,0.2222222222222222,0.0416666666666666,0.0205901812888712,288,288,288,288,True,True,0.0002117183161161,0.047777672932979,288.0,Myanmar,Nigeria,-0.1805555555555555,True,True,True,False,Large,True,False,False,False,True,True
Pakistan_vs_Ukraine,country,Intentions regarding education in the UK,0.0694444444444444,-0.0173611111111111,-0.0118487131198995,288,288,288,288,True,False,0.0757083871288823,0.4578342795841474,288.0,Pakistan,Ukraine,-0.0868055555555555,True,False,False,True,Medium,False,False,False,False,False,False
China_vs_Pakistan,country,Intentions regarding education in the UK,-0.0416666666666666,0.0138888888888889,0.0229267554479418,288,288,288,288,False,False,0.2406091736124715,0.5528418714746279,288.0,China,Pakistan,0.0555555555555555,False,False,False,False,Medium,False,False,False,False,False,False
Syria_vs_Pakistan,country,Intentions regarding education in the UK,0.0833333333333333,0.0451388888888889,,288,288,288,288,True,True,0.0196235982998878,0.0621146705992805,,Syria,Pakistan,-0.0381944444444444,True,True,True,False,Small,False,False,False,False,False,False
Syria_vs_Nigeria,country,Intentions regarding education in the UK,0.3298611111111111,0.0243055555555555,,288,288,288,288,True,False,0.0,0.2378331257289232,,Syria,Nigeria,-0.3055555555555556,True,False,False,True,Very Large,True,False,False,False,True,True
Pakistan_vs_Nigeria,country,Intentions regarding education in the UK,0.2465277777777778,-0.0208333333333333,-0.0296096558808423,288,288,288,288,True,False,6.967708317384691e-05,0.3733724152582036,288.0,Pakistan,Nigeria,-0.2673611111111111,True,False,False,True,Very Large,True,False,False,False,True,True
Ukraine_vs_Syria,country,Intentions regarding education in the UK,-0.1527777777777778,-0.0277777777777777,,288,288,288,288,True,False,0.0008839715816113,0.1894941772771656,,Ukraine,Syria,0.125,True,False,False,True,Large,True,False,False,False,True,True
Pakistan_vs_Syria,country,Intentions regarding education in the UK,-0.0833333333333333,-0.0451388888888889,,288,288,288,288,True,True,0.0196235982998878,0.0621146705992805,,Pakistan,Syria,0.0381944444444444,True,True,True,False,Small,False,False,False,False,False,False
China_vs_Syria,country,Intentions regarding education in the UK,-0.125,-0.03125,,288,288,288,288,True,False,0.0029026655874175,0.1510301571444956,,China,Syria,0.09375,True,False,False,True,Medium,True,False,False,False,True,True
Myanmar_vs_China,country,Intentions regarding education in the UK,0.017361111111111,0.048611111111111,0.0272730817217716,288,288,288,288,False,True,0.6152524135247157,0.0298580797739274,288.0,Myanmar,China,0.03125,False,True,False,True,Small,False,False,False,False,False,False
China_vs_Nigeria,country,Intentions regarding education in the UK,0.2048611111111111,-0.0069444444444444,-0.0066829004329004,288,288,288,288,True,False,0.0004596562808234,0.7497002606597092,288.0,China,Nigeria,-0.2118055555555555,True,False,False,True,Very Large,True,False,False,False,True,True
Nigeria_vs_Ukraine,country,Intentions regarding education in the UK,-0.1770833333333333,0.0034722222222222,0.0177609427609427,288,288,288,288,True,False,0.0015437504407258,0.8714204773558034,288.0,Nigeria,Ukraine,0.1805555555555555,True,False,False,True,Large,True,False,False,False,True,True
Myanmar_vs_Syria,country,Intentions regarding education in the UK,-0.1076388888888889,0.017361111111111,,288,288,288,288,True,False,0.006306847916196,0.2901504069122931,,Myanmar,Syria,0.125,True,False,False,True,Large,False,False,False,False,False,False
Pakistan_vs_Myanmar,country,Intentions regarding education in the UK,0.0243055555555555,-0.0625,-0.0501998371697135,288,288,288,288,False,True,0.4700952415007953,0.0123843518065338,288.0,Pakistan,Myanmar,-0.0868055555555555,False,True,False,True,Medium,False,False,False,False,False,False
Nigeria_vs_China,country,Intentions regarding education in the UK,-0.2048611111111111,0.0069444444444444,0.0066829004329004,288,288,288,288,True,False,0.0004596562808234,0.7497002606597092,288.0,Nigeria,China,0.2118055555555555,True,False,False,True,Very Large,True,False,False,False,True,True
Nigeria_vs_Syria,country,Intentions regarding education in the UK,-0.3298611111111111,-0.0243055555555555,,288,288,288,288,True,False,0.0,0.2378331257289232,,Nigeria,Syria,0.3055555555555556,True,False,False,True,Very Large,True,False,False,False,True,True
Ukraine_vs_Pakistan,country,Intentions regarding education in the UK,-0.0694444444444444,0.0173611111111111,0.0118487131198995,288,288,288,288,True,False,0.0757083871288823,0.4578342795841474,288.0,Ukraine,Pakistan,0.0868055555555555,True,False,False,True,Medium,False,False,False,False,False,False
Syria_vs_Myanmar,country,PSG (particular social group),0.0,0.0015432098765432,,648,648,648,648,False,False,1.0,0.7629947481992663,,Syria,Myanmar,0.0015432098765432,False,False,False,False,Small,False,False,False,False,False,False
Nigeria_vs_Myanmar,country,PSG (particular social group),-0.029320987654321,0.0061728395061728,,648,648,648,648,True,False,0.0301981225673073,0.1883389660908492,,Nigeria,Myanmar,0.0354938271604938,True,False,False,True,Small,False,False,False,False,False,False
Ukraine_vs_Nigeria,country,PSG (particular social group),0.0216049382716049,0.0030864197530864,,648,648,648,648,False,False,0.0991563173350431,0.1892372923876797,,Ukraine,Nigeria,-0.0185185185185184,False,False,False,False,Small,False,False,False,False,False,False
Syria_vs_China,country,PSG (particular social group),0.0108024691358024,0.0046296296296296,,648,648,648,648,False,False,0.30054880454467,0.4168418787911241,,Syria,China,-0.0061728395061727,False,False,False,False,Small,False,False,False,False,False,False
Syria_vs_Ukraine,country,PSG (particular social group),0.007716049382716,-0.007716049382716,,648,648,648,648,False,True,0.4397904164029658,0.0544958746750015,,Syria,Ukraine,-0.0154320987654321,False,True,False,True,Small,False,False,False,False,False,False
China_vs_Myanmar,country,PSG (particular social group),-0.0108024691358024,-0.0030864197530864,,648,648,648,648,False,False,0.30054880454467,0.5956739827343478,,China,Myanmar,0.0077160493827159,False,False,False,False,Small,False,False,False,False,False,False
Myanmar_vs_Ukraine,country,PSG (particular social group),0.007716049382716,-0.0092592592592593,,648,648,648,648,False,True,0.4397904164029658,0.038990378236674,,Myanmar,Ukraine,-0.0169753086419753,False,True,False,True,Small,False,False,False,False,False,False
China_vs_Ukraine,country,PSG (particular social group),-0.0030864197530863,-0.0123456790123457,,648,648,648,648,False,True,0.7695003822981934,0.0213839536286086,,China,Ukraine,-0.0092592592592594,False,True,False,True,Small,False,False,False,False,False,False
Nigeria_vs_Pakistan,country,PSG (particular social group),-0.0185185185185186,0.0092592592592593,,648,648,648,648,False,False,0.1527994391906419,0.0913452009537554,,Nigeria,Pakistan,0.0277777777777779,False,False,False,False,Small,False,False,False,False,False,False
Myanmar_vs_Pakistan,country,PSG (particular social group),0.0108024691358024,0.0030864197530864,,648,648,648,648,False,False,0.30054880454467,0.5956739827343478,,Myanmar,Pakistan,-0.0077160493827159,False,False,False,False,Small,False,False,False,False,False,False
Ukraine_vs_China,country,PSG (particular social group),0.0030864197530863,0.0123456790123457,,648,648,648,648,False,True,0.7695003822981934,0.0213839536286086,,Ukraine,China,0.0092592592592594,False,True,False,True,Small,False,False,False,False,False,False
Ukraine_vs_Myanmar,country,PSG (particular social group),-0.007716049382716,0.0092592592592593,,648,648,648,648,False,True,0.4397904164029658,0.038990378236674,,Ukraine,Myanmar,0.0169753086419753,False,True,False,True,Small,False,False,False,False,False,False
Pakistan_vs_China,country,PSG (particular social group),0.0,0.0,,648,648,648,648,False,False,1.0,1.0,,Pakistan,China,0.0,False,False,False,False,Small,False,False,False,False,False,False
Myanmar_vs_Nigeria,country,PSG (particular social group),0.029320987654321,-0.0061728395061728,,648,648,648,648,True,False,0.0301981225673073,0.1883389660908492,,Myanmar,Nigeria,-0.0354938271604938,True,False,False,True,Small,False,False,False,False,False,False
Pakistan_vs_Ukraine,country,PSG (particular social group),-0.0030864197530863,-0.0123456790123457,,648,648,648,648,False,True,0.7695003822981934,0.0213839536286086,,Pakistan,Ukraine,-0.0092592592592594,False,True,False,True,Small,False,False,False,False,False,False
China_vs_Pakistan,country,PSG (particular social group),0.0,0.0,,648,648,648,648,False,False,1.0,1.0,,China,Pakistan,0.0,False,False,False,False,Small,False,False,False,False,False,False
Syria_vs_Pakistan,country,PSG (particular social group),0.0108024691358024,0.0046296296296296,,648,648,648,648,False,False,0.30054880454467,0.4168418787911241,,Syria,Pakistan,-0.0061728395061727,False,False,False,False,Small,False,False,False,False,False,False
Syria_vs_Nigeria,country,PSG (particular social group),0.029320987654321,-0.0046296296296296,,648,648,648,648,True,False,0.0301981225673073,0.2802291739177445,,Syria,Nigeria,-0.0339506172839506,True,False,False,True,Small,False,False,False,False,False,False
Pakistan_vs_Nigeria,country,PSG (particular social group),0.0185185185185186,-0.0092592592592593,,648,648,648,648,False,False,0.1527994391906419,0.0913452009537554,,Pakistan,Nigeria,-0.0277777777777779,False,False,False,False,Small,False,False,False,False,False,False
Ukraine_vs_Syria,country,PSG (particular social group),-0.007716049382716,0.007716049382716,,648,648,648,648,False,True,0.4397904164029658,0.0544958746750015,,Ukraine,Syria,0.0154320987654321,False,True,False,True,Small,False,False,False,False,False,False
Pakistan_vs_Syria,country,PSG (particular social group),-0.0108024691358024,-0.0046296296296296,,648,648,648,648,False,False,0.30054880454467,0.4168418787911241,,Pakistan,Syria,0.0061728395061727,False,False,False,False,Small,False,False,False,False,False,False
China_vs_Syria,country,PSG (particular social group),-0.0108024691358024,-0.0046296296296296,,648,648,648,648,False,False,0.30054880454467,0.4168418787911241,,China,Syria,0.0061728395061727,False,False,False,False,Small,False,False,False,False,False,False
Myanmar_vs_China,country,PSG (particular social group),0.0108024691358024,0.0030864197530864,,648,648,648,648,False,False,0.30054880454467,0.5956739827343478,,Myanmar,China,-0.0077160493827159,False,False,False,False,Small,False,False,False,False,False,False
China_vs_Nigeria,country,PSG (particular social group),0.0185185185185186,-0.0092592592592593,,648,648,648,648,False,False,0.1527994391906419,0.0913452009537554,,China,Nigeria,-0.0277777777777779,False,False,False,False,Small,False,False,False,False,False,False
Nigeria_vs_Ukraine,country,PSG (particular social group),-0.0216049382716049,-0.0030864197530864,,648,648,648,648,False,False,0.0991563173350431,0.1892372923876797,,Nigeria,Ukraine,0.0185185185185184,False,False,False,False,Small,False,False,False,False,False,False
Myanmar_vs_Syria,country,PSG (particular social group),0.0,-0.0015432098765432,,648,648,648,648,False,False,1.0,0.7629947481992663,,Myanmar,Syria,-0.0015432098765432,False,False,False,False,Small,False,False,False,False,False,False
Pakistan_vs_Myanmar,country,PSG (particular social group),-0.0108024691358024,-0.0030864197530864,,648,648,648,648,False,False,0.30054880454467,0.5956739827343478,,Pakistan,Myanmar,0.0077160493827159,False,False,False,False,Small,False,False,False,False,False,False
Nigeria_vs_China,country,PSG (particular social group),-0.0185185185185186,0.0092592592592593,,648,648,648,648,False,False,0.1527994391906419,0.0913452009537554,,Nigeria,China,0.0277777777777779,False,False,False,False,Small,False,False,False,False,False,False
Nigeria_vs_Syria,country,PSG (particular social group),-0.029320987654321,0.0046296296296296,,648,648,648,648,True,False,0.0301981225673073,0.2802291739177445,,Nigeria,Syria,0.0339506172839506,True,False,False,True,Small,False,False,False,False,False,False
Ukraine_vs_Pakistan,country,PSG (particular social group),0.0030864197530863,0.0123456790123457,,648,648,648,648,False,True,0.7695003822981934,0.0213839536286086,,Ukraine,Pakistan,0.0092592592592594,False,True,False,True,Small,False,False,False,False,False,False
Syria_vs_Myanmar,country,Disclosure: Political persecution & sexual violence,0.1388888888888888,-0.0555555555555555,,72,72,72,72,False,False,0.1091493928445344,0.2547056419307654,,Syria,Myanmar,-0.1944444444444444,False,False,False,False,Large,False,False,False,False,False,False
Nigeria_vs_Myanmar,country,Disclosure: Political persecution & sexual violence,0.1388888888888888,-0.0833333333333332,,72,72,72,72,False,False,0.1091493928445344,0.1267528914540756,,Nigeria,Myanmar,-0.2222222222222221,False,False,False,False,Very Large,False,False,False,False,False,False
Ukraine_vs_Nigeria,country,Disclosure: Political persecution & sexual violence,-0.1805555555555555,-0.2222222222222223,,72,72,72,72,True,True,0.0507310315852778,0.0145834807727265,,Ukraine,Nigeria,-0.0416666666666667,True,True,True,False,Small,False,False,False,False,False,False
Syria_vs_China,country,Disclosure: Political persecution & sexual violence,0.2361111111111111,0.0555555555555554,,72,72,72,72,True,False,0.0182512137061912,0.3536223880196645,,Syria,China,-0.1805555555555557,True,False,False,True,Large,False,False,False,False,False,False
Syria_vs_Ukraine,country,Disclosure: Political persecution & sexual violence,0.1805555555555555,0.25,,72,72,72,72,True,True,0.0507310315852778,0.0071072939127345,,Syria,Ukraine,0.0694444444444444,True,True,True,False,Medium,False,False,False,False,False,False
China_vs_Myanmar,country,Disclosure: Political persecution & sexual violence,-0.0972222222222223,-0.111111111111111,,72,72,72,72,False,True,0.2655947680132255,0.0655263943561541,,China,Myanmar,-0.0138888888888887,False,True,False,True,Small,False,False,False,False,False,False
Myanmar_vs_Ukraine,country,Disclosure: Political persecution & sexual violence,0.0416666666666667,0.3055555555555556,,72,72,72,72,False,True,0.6152624054435314,0.0014864204525137,,Myanmar,Ukraine,0.2638888888888888,False,True,False,True,Very Large,False,True,False,True,False,True
China_vs_Ukraine,country,Disclosure: Political persecution & sexual violence,-0.0555555555555555,0.1944444444444445,0.1819380355965721,72,72,72,72,False,True,0.5117350136336274,0.0288545031154834,72.0,China,Ukraine,0.2500000000000001,False,True,False,True,Very Large,False,False,False,False,False,False
Nigeria_vs_Pakistan,country,Disclosure: Political persecution & sexual violence,0.2916666666666667,0.0694444444444445,,72,72,72,72,True,False,0.0066002311546029,0.2947330320367101,,Nigeria,Pakistan,-0.2222222222222221,True,False,False,True,Very Large,False,False,False,False,False,False
Myanmar_vs_Pakistan,country,Disclosure: Political persecution & sexual violence,0.1527777777777778,0.1527777777777778,,72,72,72,72,False,True,0.1011252713658641,0.0261918204960684,,Myanmar,Pakistan,-5.551115123125783e-17,False,True,False,True,Small,False,False,False,False,False,False
Ukraine_vs_China,country,Disclosure: Political persecution & sexual violence,0.0555555555555555,-0.1944444444444445,-0.1819380355965721,72,72,72,72,False,True,0.5117350136336274,0.0288545031154834,72.0,Ukraine,China,-0.2500000000000001,False,True,False,True,Very Large,False,False,False,False,False,False
Ukraine_vs_Myanmar,country,Disclosure: Political persecution & sexual violence,-0.0416666666666667,-0.3055555555555556,,72,72,72,72,False,True,0.6152624054435314,0.0014864204525137,,Ukraine,Myanmar,-0.2638888888888888,False,True,False,True,Very Large,False,True,False,True,False,True
Pakistan_vs_China,country,Disclosure: Political persecution & sexual violence,-0.0555555555555555,-0.0416666666666667,0.0139230139230138,72,72,72,72,False,False,0.5129936487334761,0.5292331052622581,72.0,Pakistan,China,0.0138888888888887,False,False,False,False,Small,False,False,False,False,False,False
Myanmar_vs_Nigeria,country,Disclosure: Political persecution & sexual violence,-0.1388888888888888,0.0833333333333332,,72,72,72,72,False,False,0.1091493928445344,0.1267528914540756,,Myanmar,Nigeria,0.2222222222222221,False,False,False,False,Very Large,False,False,False,False,False,False
Pakistan_vs_Ukraine,country,Disclosure: Political persecution & sexual violence,-0.1111111111111111,0.1527777777777778,0.195861049519586,72,72,72,72,False,True,0.2127123842943672,0.0752738544065731,72.0,Pakistan,Ukraine,0.2638888888888889,False,True,False,True,Very Large,False,False,False,False,False,False
China_vs_Pakistan,country,Disclosure: Political persecution & sexual violence,0.0555555555555555,0.0416666666666667,-0.0139230139230138,72,72,72,72,False,False,0.5129936487334761,0.5292331052622581,72.0,China,Pakistan,-0.0138888888888887,False,False,False,False,Small,False,False,False,False,False,False
Syria_vs_Pakistan,country,Disclosure: Political persecution & sexual violence,0.2916666666666667,0.0972222222222222,,72,72,72,72,True,False,0.0066002311546029,0.1460763370703297,,Syria,Pakistan,-0.1944444444444444,True,False,False,True,Large,False,False,False,False,False,False
Syria_vs_Nigeria,country,Disclosure: Political persecution & sexual violence,0.0,0.0277777777777776,,72,72,72,72,False,False,1.0,0.6182590285796785,,Syria,Nigeria,0.0277777777777776,False,False,False,False,Small,False,False,False,False,False,False
Pakistan_vs_Nigeria,country,Disclosure: Political persecution & sexual violence,-0.2916666666666667,-0.0694444444444445,,72,72,72,72,True,False,0.0066002311546029,0.2947330320367101,,Pakistan,Nigeria,0.2222222222222221,True,False,False,True,Very Large,False,False,False,False,False,False
Ukraine_vs_Syria,country,Disclosure: Political persecution & sexual violence,-0.1805555555555555,-0.25,,72,72,72,72,True,True,0.0507310315852778,0.0071072939127345,,Ukraine,Syria,-0.0694444444444444,True,True,True,False,Medium,False,False,False,False,False,False
Pakistan_vs_Syria,country,Disclosure: Political persecution & sexual violence,-0.2916666666666667,-0.0972222222222222,,72,72,72,72,True,False,0.0066002311546029,0.1460763370703297,,Pakistan,Syria,0.1944444444444444,True,False,False,True,Large,False,False,False,False,False,False
China_vs_Syria,country,Disclosure: Political persecution & sexual violence,-0.2361111111111111,-0.0555555555555554,,72,72,72,72,True,False,0.0182512137061912,0.3536223880196645,,China,Syria,0.1805555555555557,True,False,False,True,Large,False,False,False,False,False,False
Myanmar_vs_China,country,Disclosure: Political persecution & sexual violence,0.0972222222222223,0.111111111111111,,72,72,72,72,False,True,0.2655947680132255,0.0655263943561541,,Myanmar,China,0.0138888888888887,False,True,False,True,Small,False,False,False,False,False,False
China_vs_Nigeria,country,Disclosure: Political persecution & sexual violence,-0.2361111111111111,-0.0277777777777777,,72,72,72,72,True,False,0.0182512137061912,0.6463373004044988,,China,Nigeria,0.2083333333333333,True,False,False,True,Very Large,False,False,False,False,False,False
Nigeria_vs_Ukraine,country,Disclosure: Political persecution & sexual violence,0.1805555555555555,0.2222222222222223,,72,72,72,72,True,True,0.0507310315852778,0.0145834807727265,,Nigeria,Ukraine,0.0416666666666667,True,True,True,False,Small,False,False,False,False,False,False
Myanmar_vs_Syria,country,Disclosure: Political persecution & sexual violence,-0.1388888888888888,0.0555555555555555,,72,72,72,72,False,False,0.1091493928445344,0.2547056419307654,,Myanmar,Syria,0.1944444444444444,False,False,False,False,Large,False,False,False,False,False,False
Pakistan_vs_Myanmar,country,Disclosure: Political persecution & sexual violence,-0.1527777777777778,-0.1527777777777778,,72,72,72,72,False,True,0.1011252713658641,0.0261918204960684,,Pakistan,Myanmar,5.551115123125783e-17,False,True,False,True,Small,False,False,False,False,False,False
Nigeria_vs_China,country,Disclosure: Political persecution & sexual violence,0.2361111111111111,0.0277777777777777,,72,72,72,72,True,False,0.0182512137061912,0.6463373004044988,,Nigeria,China,-0.2083333333333333,True,False,False,True,Very Large,False,False,False,False,False,False
Nigeria_vs_Syria,country,Disclosure: Political persecution & sexual violence,0.0,-0.0277777777777776,,72,72,72,72,False,False,1.0,0.6182590285796785,,Nigeria,Syria,-0.0277777777777776,False,False,False,False,Small,False,False,False,False,False,False
Ukraine_vs_Pakistan,country,Disclosure: Political persecution & sexual violence,0.1111111111111111,-0.1527777777777778,-0.195861049519586,72,72,72,72,False,True,0.2127123842943672,0.0752738544065731,72.0,Ukraine,Pakistan,-0.2638888888888889,False,True,False,True,Very Large,False,False,False,False,False,False
Syria_vs_Myanmar,country,Disclosure: Religious persecution & mental health,0.0277777777777777,0.1111111111111111,,72,72,72,72,False,False,0.4180000867444975,0.1701716837122786,,Syria,Myanmar,0.0833333333333333,False,False,False,False,Medium,False,False,False,False,False,False
Nigeria_vs_Myanmar,country,Disclosure: Religious persecution & mental health,0.0138888888888889,0.1111111111111111,,72,72,72,72,False,False,0.7003086753233663,0.1701716837122786,,Nigeria,Myanmar,0.0972222222222222,False,False,False,False,Medium,False,False,False,False,False,False
Ukraine_vs_Nigeria,country,Disclosure: Religious persecution & mental health,-0.0138888888888889,-0.0833333333333333,,72,72,72,72,False,False,0.7003086753233663,0.2811964191878162,,Ukraine,Nigeria,-0.0694444444444444,False,False,False,False,Medium,False,False,False,False,False,False
Syria_vs_China,country,Disclosure: Religious persecution & mental health,-0.0138888888888889,0.0,,72,72,72,72,False,False,0.5654164257918279,1.0,,Syria,China,0.0138888888888889,False,False,False,False,Small,False,False,False,False,False,False
Syria_vs_Ukraine,country,Disclosure: Religious persecution & mental health,0.0277777777777777,0.0833333333333333,,72,72,72,72,False,False,0.4180000867444975,0.2811964191878162,,Syria,Ukraine,0.0555555555555555,False,False,False,False,Medium,False,False,False,False,False,False
China_vs_Myanmar,country,Disclosure: Religious persecution & mental health,0.0416666666666667,0.1111111111111111,,72,72,72,72,False,False,0.2032834137353032,0.1701716837122786,,China,Myanmar,0.0694444444444444,False,False,False,False,Medium,False,False,False,False,False,False
Myanmar_vs_Ukraine,country,Disclosure: Religious persecution & mental health,0.0,-0.0277777777777777,,72,72,72,72,False,False,1.0,0.7222831076037899,,Myanmar,Ukraine,-0.0277777777777777,False,False,False,False,Small,False,False,False,False,False,False
China_vs_Ukraine,country,Disclosure: Religious persecution & mental health,0.0416666666666667,0.0833333333333333,,72,72,72,72,False,False,0.2032834137353032,0.2811964191878162,,China,Ukraine,0.0416666666666666,False,False,False,False,Small,False,False,False,False,False,False
Nigeria_vs_Pakistan,country,Disclosure: Religious persecution & mental health,0.0277777777777777,-0.0277777777777777,,72,72,72,72,False,False,0.4769376272889594,0.6837769459396799,,Nigeria,Pakistan,-0.0555555555555555,False,False,False,False,Medium,False,False,False,False,False,False
Myanmar_vs_Pakistan,country,Disclosure: Religious persecution & mental health,0.0138888888888888,-0.1388888888888889,,72,72,72,72,False,False,0.7320222146647439,0.0933081824378705,,Myanmar,Pakistan,-0.1527777777777778,False,False,False,False,Large,False,False,False,False,False,False
Ukraine_vs_China,country,Disclosure: Religious persecution & mental health,-0.0416666666666667,-0.0833333333333333,,72,72,72,72,False,False,0.2032834137353032,0.2811964191878162,,Ukraine,China,-0.0416666666666666,False,False,False,False,Small,False,False,False,False,False,False
Ukraine_vs_Myanmar,country,Disclosure: Religious persecution & mental health,0.0,0.0277777777777777,,72,72,72,72,False,False,1.0,0.7222831076037899,,Ukraine,Myanmar,0.0277777777777777,False,False,False,False,Small,False,False,False,False,False,False
Pakistan_vs_China,country,Disclosure: Religious persecution & mental health,-0.0555555555555555,0.0277777777777777,,72,72,72,72,False,False,0.1305153905484799,0.6837769459396799,,Pakistan,China,0.0833333333333333,False,False,False,False,Medium,False,False,False,False,False,False
Myanmar_vs_Nigeria,country,Disclosure: Religious persecution & mental health,-0.0138888888888889,-0.1111111111111111,,72,72,72,72,False,False,0.7003086753233663,0.1701716837122786,,Myanmar,Nigeria,-0.0972222222222222,False,False,False,False,Medium,False,False,False,False,False,False
Pakistan_vs_Ukraine,country,Disclosure: Religious persecution & mental health,-0.0138888888888888,0.1111111111111111,,72,72,72,72,False,False,0.7320222146647439,0.1578785204395894,,Pakistan,Ukraine,0.125,False,False,False,False,Large,False,False,False,False,False,False
China_vs_Pakistan,country,Disclosure: Religious persecution & mental health,0.0555555555555555,-0.0277777777777777,,72,72,72,72,False,False,0.1305153905484799,0.6837769459396799,,China,Pakistan,-0.0833333333333333,False,False,False,False,Medium,False,False,False,False,False,False
Syria_vs_Pakistan,country,Disclosure: Religious persecution & mental health,0.0416666666666666,-0.0277777777777777,,72,72,72,72,False,False,0.2705544880294477,0.6837769459396799,,Syria,Pakistan,-0.0694444444444444,False,False,False,False,Medium,False,False,False,False,False,False
Syria_vs_Nigeria,country,Disclosure: Religious persecution & mental health,0.0138888888888888,0.0,,72,72,72,72,False,False,0.6519828852808343,1.0,,Syria,Nigeria,-0.0138888888888888,False,False,False,False,Small,False,False,False,False,False,False
Pakistan_vs_Nigeria,country,Disclosure: Religious persecution & mental health,-0.0277777777777777,0.0277777777777777,,72,72,72,72,False,False,0.4769376272889594,0.6837769459396799,,Pakistan,Nigeria,0.0555555555555555,False,False,False,False,Medium,False,False,False,False,False,False
Ukraine_vs_Syria,country,Disclosure: Religious persecution & mental health,-0.0277777777777777,-0.0833333333333333,,72,72,72,72,False,False,0.4180000867444975,0.2811964191878162,,Ukraine,Syria,-0.0555555555555555,False,False,False,False,Medium,False,False,False,False,False,False
Pakistan_vs_Syria,country,Disclosure: Religious persecution & mental health,-0.0416666666666666,0.0277777777777777,,72,72,72,72,False,False,0.2705544880294477,0.6837769459396799,,Pakistan,Syria,0.0694444444444444,False,False,False,False,Medium,False,False,False,False,False,False
China_vs_Syria,country,Disclosure: Religious persecution & mental health,0.0138888888888889,0.0,,72,72,72,72,False,False,0.5654164257918279,1.0,,China,Syria,-0.0138888888888889,False,False,False,False,Small,False,False,False,False,False,False
Myanmar_vs_China,country,Disclosure: Religious persecution & mental health,-0.0416666666666667,-0.1111111111111111,,72,72,72,72,False,False,0.2032834137353032,0.1701716837122786,,Myanmar,China,-0.0694444444444444,False,False,False,False,Medium,False,False,False,False,False,False
China_vs_Nigeria,country,Disclosure: Religious persecution & mental health,0.0277777777777777,0.0,,72,72,72,72,False,False,0.3308498393302013,1.0,,China,Nigeria,-0.0277777777777777,False,False,False,False,Small,False,False,False,False,False,False
Nigeria_vs_Ukraine,country,Disclosure: Religious persecution & mental health,0.0138888888888889,0.0833333333333333,,72,72,72,72,False,False,0.7003086753233663,0.2811964191878162,,Nigeria,Ukraine,0.0694444444444444,False,False,False,False,Medium,False,False,False,False,False,False
Myanmar_vs_Syria,country,Disclosure: Religious persecution & mental health,-0.0277777777777777,-0.1111111111111111,,72,72,72,72,False,False,0.4180000867444975,0.1701716837122786,,Myanmar,Syria,-0.0833333333333333,False,False,False,False,Medium,False,False,False,False,False,False
Pakistan_vs_Myanmar,country,Disclosure: Religious persecution & mental health,-0.0138888888888888,0.1388888888888889,,72,72,72,72,False,False,0.7320222146647439,0.0933081824378705,,Pakistan,Myanmar,0.1527777777777778,False,False,False,False,Large,False,False,False,False,False,False
Nigeria_vs_China,country,Disclosure: Religious persecution & mental health,-0.0277777777777777,0.0,,72,72,72,72,False,False,0.3308498393302013,1.0,,Nigeria,China,0.0277777777777777,False,False,False,False,Small,False,False,False,False,False,False
Nigeria_vs_Syria,country,Disclosure: Religious persecution & mental health,-0.0138888888888888,0.0,,72,72,72,72,False,False,0.6519828852808343,1.0,,Nigeria,Syria,0.0138888888888888,False,False,False,False,Small,False,False,False,False,False,False
Ukraine_vs_Pakistan,country,Disclosure: Religious persecution & mental health,0.0138888888888888,-0.1111111111111111,,72,72,72,72,False,False,0.7320222146647439,0.1578785204395894,,Ukraine,Pakistan,-0.125,False,False,False,False,Large,False,False,False,False,False,False
Syria_vs_Myanmar,country,Disclosure: Domestic violence & criminal threats,0.0416666666666666,-0.0138888888888888,,72,72,72,72,False,False,0.608472138885011,0.3355891049598596,,Syria,Myanmar,-0.0555555555555554,False,False,False,False,Medium,False,False,False,False,False,False
Nigeria_vs_Myanmar,country,Disclosure: Domestic violence & criminal threats,0.0694444444444444,-0.0138888888888888,,72,72,72,72,False,False,0.398733815678391,0.3355891049598596,,Nigeria,Myanmar,-0.0833333333333332,False,False,False,False,Medium,False,False,False,False,False,False
Ukraine_vs_Nigeria,country,Disclosure: Domestic violence & criminal threats,-0.0833333333333333,-0.0277777777777777,,72,72,72,72,False,False,0.3192172986228869,0.3308498393302013,,Ukraine,Nigeria,0.0555555555555555,False,False,False,False,Medium,False,False,False,False,False,False
Syria_vs_China,country,Disclosure: Domestic violence & criminal threats,-0.1805555555555555,0.0,,72,72,72,72,True,False,0.037544842131947,1.0,,Syria,China,0.1805555555555555,True,False,False,True,Large,False,False,False,False,False,False
Syria_vs_Ukraine,country,Disclosure: Domestic violence & criminal threats,0.0555555555555555,0.0277777777777777,,72,72,72,72,False,False,0.4999537941825593,0.3308498393302013,,Syria,Ukraine,-0.0277777777777777,False,False,False,False,Small,False,False,False,False,False,False
China_vs_Myanmar,country,Disclosure: Domestic violence & criminal threats,0.2222222222222222,-0.0138888888888888,,72,72,72,72,True,False,0.0171492029536648,0.3355891049598596,,China,Myanmar,-0.236111111111111,True,False,False,True,Very Large,False,False,False,False,False,False
Myanmar_vs_Ukraine,country,Disclosure: Domestic violence & criminal threats,0.0138888888888889,0.0416666666666666,,72,72,72,72,False,False,0.8648675719028778,0.1153852478749501,,Myanmar,Ukraine,0.0277777777777776,False,False,False,False,Small,False,False,False,False,False,False
China_vs_Ukraine,country,Disclosure: Domestic violence & criminal threats,0.2361111111111111,0.0277777777777777,,72,72,72,72,True,False,0.0132606925836169,0.3308498393302013,,China,Ukraine,-0.2083333333333333,True,False,False,True,Very Large,False,False,False,False,False,False
Nigeria_vs_Pakistan,country,Disclosure: Domestic violence & criminal threats,0.0277777777777777,0.0138888888888889,,72,72,72,72,False,False,0.7251572524116949,0.5654164257918279,,Nigeria,Pakistan,-0.0138888888888888,False,False,False,False,Small,False,False,False,False,False,False
Myanmar_vs_Pakistan,country,Disclosure: Domestic violence & criminal threats,-0.0416666666666666,0.0277777777777777,,72,72,72,72,False,False,0.608472138885011,0.1868363402340045,,Myanmar,Pakistan,0.0694444444444444,False,False,False,False,Medium,False,False,False,False,False,False
Ukraine_vs_China,country,Disclosure: Domestic violence & criminal threats,-0.2361111111111111,-0.0277777777777777,,72,72,72,72,True,False,0.0132606925836169,0.3308498393302013,,Ukraine,China,0.2083333333333333,True,False,False,True,Very Large,False,False,False,False,False,False
Ukraine_vs_Myanmar,country,Disclosure: Domestic violence & criminal threats,-0.0138888888888889,-0.0416666666666666,,72,72,72,72,False,False,0.8648675719028778,0.1153852478749501,,Ukraine,Myanmar,-0.0277777777777776,False,False,False,False,Small,False,False,False,False,False,False
Pakistan_vs_China,country,Disclosure: Domestic violence & criminal threats,-0.1805555555555555,-0.0138888888888889,,72,72,72,72,True,False,0.037544842131947,0.5654164257918279,,Pakistan,China,0.1666666666666666,True,False,False,True,Large,False,False,False,False,False,False
Myanmar_vs_Nigeria,country,Disclosure: Domestic violence & criminal threats,-0.0694444444444444,0.0138888888888888,,72,72,72,72,False,False,0.398733815678391,0.3355891049598596,,Myanmar,Nigeria,0.0833333333333332,False,False,False,False,Medium,False,False,False,False,False,False
Pakistan_vs_Ukraine,country,Disclosure: Domestic violence & criminal threats,0.0555555555555555,0.0138888888888888,,72,72,72,72,False,False,0.4999537941825593,0.6519828852808343,,Pakistan,Ukraine,-0.0416666666666667,False,False,False,False,Small,False,False,False,False,False,False
China_vs_Pakistan,country,Disclosure: Domestic violence & criminal threats,0.1805555555555555,0.0138888888888889,,72,72,72,72,True,False,0.037544842131947,0.5654164257918279,,China,Pakistan,-0.1666666666666666,True,False,False,True,Large,False,False,False,False,False,False
Syria_vs_Pakistan,country,Disclosure: Domestic violence & criminal threats,0.0,0.0138888888888889,,72,72,72,72,False,False,1.0,0.5654164257918279,,Syria,Pakistan,0.0138888888888889,False,False,False,False,Small,False,False,False,False,False,False
Syria_vs_Nigeria,country,Disclosure: Domestic violence & criminal threats,-0.0277777777777777,0.0,,72,72,72,72,False,False,0.7251572524116949,1.0,,Syria,Nigeria,0.0277777777777777,False,False,False,False,Small,False,False,False,False,False,False
Pakistan_vs_Nigeria,country,Disclosure: Domestic violence & criminal threats,-0.0277777777777777,-0.0138888888888889,,72,72,72,72,False,False,0.7251572524116949,0.5654164257918279,,Pakistan,Nigeria,0.0138888888888888,False,False,False,False,Small,False,False,False,False,False,False
Ukraine_vs_Syria,country,Disclosure: Domestic violence & criminal threats,-0.0555555555555555,-0.0277777777777777,,72,72,72,72,False,False,0.4999537941825593,0.3308498393302013,,Ukraine,Syria,0.0277777777777777,False,False,False,False,Small,False,False,False,False,False,False
Pakistan_vs_Syria,country,Disclosure: Domestic violence & criminal threats,0.0,-0.0138888888888889,,72,72,72,72,False,False,1.0,0.5654164257918279,,Pakistan,Syria,-0.0138888888888889,False,False,False,False,Small,False,False,False,False,False,False
China_vs_Syria,country,Disclosure: Domestic violence & criminal threats,0.1805555555555555,0.0,,72,72,72,72,True,False,0.037544842131947,1.0,,China,Syria,-0.1805555555555555,True,False,False,True,Large,False,False,False,False,False,False
Myanmar_vs_China,country,Disclosure: Domestic violence & criminal threats,-0.2222222222222222,0.0138888888888888,,72,72,72,72,True,False,0.0171492029536648,0.3355891049598596,,Myanmar,China,0.236111111111111,True,False,False,True,Very Large,False,False,False,False,False,False
China_vs_Nigeria,country,Disclosure: Domestic violence & criminal threats,0.1527777777777778,0.0,,72,72,72,72,True,False,0.0639482120699912,1.0,,China,Nigeria,-0.1527777777777778,True,False,False,True,Large,False,False,False,False,False,False
Nigeria_vs_Ukraine,country,Disclosure: Domestic violence & criminal threats,0.0833333333333333,0.0277777777777777,,72,72,72,72,False,False,0.3192172986228869,0.3308498393302013,,Nigeria,Ukraine,-0.0555555555555555,False,False,False,False,Medium,False,False,False,False,False,False
Myanmar_vs_Syria,country,Disclosure: Domestic violence & criminal threats,-0.0416666666666666,0.0138888888888888,,72,72,72,72,False,False,0.608472138885011,0.3355891049598596,,Myanmar,Syria,0.0555555555555554,False,False,False,False,Medium,False,False,False,False,False,False
Pakistan_vs_Myanmar,country,Disclosure: Domestic violence & criminal threats,0.0416666666666666,-0.0277777777777777,,72,72,72,72,False,False,0.608472138885011,0.1868363402340045,,Pakistan,Myanmar,-0.0694444444444444,False,False,False,False,Medium,False,False,False,False,False,False
Nigeria_vs_China,country,Disclosure: Domestic violence & criminal threats,-0.1527777777777778,0.0,,72,72,72,72,True,False,0.0639482120699912,1.0,,Nigeria,China,0.1527777777777778,True,False,False,True,Large,False,False,False,False,False,False
Nigeria_vs_Syria,country,Disclosure: Domestic violence & criminal threats,0.0277777777777777,0.0,,72,72,72,72,False,False,0.7251572524116949,1.0,,Nigeria,Syria,-0.0277777777777777,False,False,False,False,Small,False,False,False,False,False,False
Ukraine_vs_Pakistan,country,Disclosure: Domestic violence & criminal threats,-0.0555555555555555,-0.0138888888888888,,72,72,72,72,False,False,0.4999537941825593,0.6519828852808343,,Ukraine,Pakistan,0.0416666666666667,False,False,False,False,Small,False,False,False,False,False,False
Syria_vs_Myanmar,country,Disclosure: Ethnic violence & family separation,-0.0833333333333333,-0.0138888888888888,,72,72,72,72,False,False,0.2350625998923139,0.8489939225874905,,Syria,Myanmar,0.0694444444444445,False,False,False,False,Medium,False,False,False,False,False,False
Nigeria_vs_Myanmar,country,Disclosure: Ethnic violence & family separation,-0.0416666666666666,-0.1666666666666666,,72,72,72,72,False,True,0.5172052274297059,0.0655263943561539,,Nigeria,Myanmar,-0.125,False,True,False,True,Large,False,False,False,False,False,False
Ukraine_vs_Nigeria,country,Disclosure: Ethnic violence & family separation,-0.0555555555555555,0.0972222222222222,,72,72,72,72,False,False,0.4352837321583951,0.2534682998694006,,Ukraine,Nigeria,0.1527777777777778,False,False,False,False,Large,False,False,False,False,False,False
Syria_vs_China,country,Disclosure: Ethnic violence & family separation,-0.0138888888888889,0.1111111111111111,,72,72,72,72,False,False,0.8431079802905987,0.1853080160160125,,Syria,China,0.1250000000000001,False,False,False,False,Large,False,False,False,False,False,False
Syria_vs_Ukraine,country,Disclosure: Ethnic violence & family separation,0.0138888888888888,0.0555555555555555,,72,72,72,72,False,False,0.8462147238066076,0.4736118892627958,,Syria,Ukraine,0.0416666666666667,False,False,False,False,Small,False,False,False,False,False,False
China_vs_Myanmar,country,Disclosure: Ethnic violence & family separation,-0.0694444444444444,-0.125,,72,72,72,72,False,False,0.3080129421781052,0.1406011216899176,,China,Myanmar,-0.0555555555555555,False,False,False,False,Medium,False,False,False,False,False,False
Myanmar_vs_Ukraine,country,Disclosure: Ethnic violence & family separation,0.0972222222222222,0.0694444444444444,,72,72,72,72,False,False,0.1787743694640287,0.3728629484332681,,Myanmar,Ukraine,-0.0277777777777777,False,False,False,False,Small,False,False,False,False,False,False
China_vs_Ukraine,country,Disclosure: Ethnic violence & family separation,0.0277777777777777,-0.0555555555555555,,72,72,72,72,False,False,0.6967241160838022,0.4930320024501831,,China,Ukraine,-0.0833333333333333,False,False,False,False,Medium,False,False,False,False,False,False
Nigeria_vs_Pakistan,country,Disclosure: Ethnic violence & family separation,0.1805555555555555,-0.0277777777777777,,72,72,72,72,True,False,0.0424653497245275,0.7353179110040666,,Nigeria,Pakistan,-0.2083333333333333,True,False,False,True,Very Large,False,False,False,False,False,False
Myanmar_vs_Pakistan,country,Disclosure: Ethnic violence & family separation,0.2222222222222222,0.1388888888888888,,72,72,72,72,True,False,0.0158850865226458,0.1091493928445344,,Myanmar,Pakistan,-0.0833333333333333,True,False,False,True,Medium,False,False,False,False,False,False
Ukraine_vs_China,country,Disclosure: Ethnic violence & family separation,-0.0277777777777777,0.0555555555555555,,72,72,72,72,False,False,0.6967241160838022,0.4930320024501831,,Ukraine,China,0.0833333333333333,False,False,False,False,Medium,False,False,False,False,False,False
Ukraine_vs_Myanmar,country,Disclosure: Ethnic violence & family separation,-0.0972222222222222,-0.0694444444444444,,72,72,72,72,False,False,0.1787743694640287,0.3728629484332681,,Ukraine,Myanmar,0.0277777777777777,False,False,False,False,Small,False,False,False,False,False,False
Pakistan_vs_China,country,Disclosure: Ethnic violence & family separation,-0.1527777777777778,-0.0138888888888888,,72,72,72,72,True,False,0.0786095406739786,0.8639979050201263,,Pakistan,China,0.1388888888888889,True,False,False,True,Large,False,False,False,False,False,False
Myanmar_vs_Nigeria,country,Disclosure: Ethnic violence & family separation,0.0416666666666666,0.1666666666666666,,72,72,72,72,False,True,0.5172052274297059,0.0655263943561539,,Myanmar,Nigeria,0.125,False,True,False,True,Large,False,False,False,False,False,False
Pakistan_vs_Ukraine,country,Disclosure: Ethnic violence & family separation,-0.125,-0.0694444444444444,,72,72,72,72,False,False,0.1406011216899176,0.398733815678391,,Pakistan,Ukraine,0.0555555555555555,False,False,False,False,Medium,False,False,False,False,False,False
China_vs_Pakistan,country,Disclosure: Ethnic violence & family separation,0.1527777777777778,0.0138888888888888,,72,72,72,72,True,False,0.0786095406739786,0.8639979050201263,,China,Pakistan,-0.1388888888888889,True,False,False,True,Large,False,False,False,False,False,False
Syria_vs_Pakistan,country,Disclosure: Ethnic violence & family separation,0.1388888888888888,0.125,,72,72,72,72,False,False,0.1056144156809795,0.1445227317715605,,Syria,Pakistan,-0.0138888888888888,False,False,False,False,Small,False,False,False,False,False,False
Syria_vs_Nigeria,country,Disclosure: Ethnic violence & family separation,-0.0416666666666667,0.1527777777777778,,72,72,72,72,False,False,0.5495109828544014,0.0872651836362057,,Syria,Nigeria,0.1944444444444445,False,False,False,False,Large,False,False,False,False,False,False
Pakistan_vs_Nigeria,country,Disclosure: Ethnic violence & family separation,-0.1805555555555555,0.0277777777777777,,72,72,72,72,True,False,0.0424653497245275,0.7353179110040666,,Pakistan,Nigeria,0.2083333333333333,True,False,False,True,Very Large,False,False,False,False,False,False
Ukraine_vs_Syria,country,Disclosure: Ethnic violence & family separation,-0.0138888888888888,-0.0555555555555555,,72,72,72,72,False,False,0.8462147238066076,0.4736118892627958,,Ukraine,Syria,-0.0416666666666667,False,False,False,False,Small,False,False,False,False,False,False
Pakistan_vs_Syria,country,Disclosure: Ethnic violence & family separation,-0.1388888888888888,-0.125,,72,72,72,72,False,False,0.1056144156809795,0.1445227317715605,,Pakistan,Syria,0.0138888888888888,False,False,False,False,Small,False,False,False,False,False,False
China_vs_Syria,country,Disclosure: Ethnic violence & family separation,0.0138888888888889,-0.1111111111111111,,72,72,72,72,False,False,0.8431079802905987,0.1853080160160125,,China,Syria,-0.1250000000000001,False,False,False,False,Large,False,False,False,False,False,False
Myanmar_vs_China,country,Disclosure: Ethnic violence & family separation,0.0694444444444444,0.125,,72,72,72,72,False,False,0.3080129421781052,0.1406011216899176,,Myanmar,China,0.0555555555555555,False,False,False,False,Medium,False,False,False,False,False,False
China_vs_Nigeria,country,Disclosure: Ethnic violence & family separation,-0.0277777777777777,0.0416666666666666,,72,72,72,72,False,False,0.6837769459396799,0.6133184075876739,,China,Nigeria,0.0694444444444444,False,False,False,False,Medium,False,False,False,False,False,False
Nigeria_vs_Ukraine,country,Disclosure: Ethnic violence & family separation,0.0555555555555555,-0.0972222222222222,,72,72,72,72,False,False,0.4352837321583951,0.2534682998694006,,Nigeria,Ukraine,-0.1527777777777778,False,False,False,False,Large,False,False,False,False,False,False
Myanmar_vs_Syria,country,Disclosure: Ethnic violence & family separation,0.0833333333333333,0.0138888888888888,,72,72,72,72,False,False,0.2350625998923139,0.8489939225874905,,Myanmar,Syria,-0.0694444444444445,False,False,False,False,Medium,False,False,False,False,False,False
Pakistan_vs_Myanmar,country,Disclosure: Ethnic violence & family separation,-0.2222222222222222,-0.1388888888888888,,72,72,72,72,True,False,0.0158850865226458,0.1091493928445344,,Pakistan,Myanmar,0.0833333333333333,True,False,False,True,Medium,False,False,False,False,False,False
Nigeria_vs_China,country,Disclosure: Ethnic violence & family separation,0.0277777777777777,-0.0416666666666666,,72,72,72,72,False,False,0.6837769459396799,0.6133184075876739,,Nigeria,China,-0.0694444444444444,False,False,False,False,Medium,False,False,False,False,False,False
Nigeria_vs_Syria,country,Disclosure: Ethnic violence & family separation,0.0416666666666667,-0.1527777777777778,,72,72,72,72,False,False,0.5495109828544014,0.0872651836362057,,Nigeria,Syria,-0.1944444444444445,False,False,False,False,Large,False,False,False,False,False,False
Ukraine_vs_Pakistan,country,Disclosure: Ethnic violence & family separation,0.125,0.0694444444444444,,72,72,72,72,False,False,0.1406011216899176,0.398733815678391,,Ukraine,Pakistan,-0.0555555555555555,False,False,False,False,Medium,False,False,False,False,False,False
Syria_vs_Myanmar,country,Disclosure: Persecution for sexual orientation & mental health crisis,-0.0555555555555554,-0.0694444444444445,,72,72,72,72,False,False,0.5028116252124633,0.3791208997963413,,Syria,Myanmar,-0.013888888888889,False,False,False,False,Small,False,False,False,False,False,False
Nigeria_vs_Myanmar,country,Disclosure: Persecution for sexual orientation & mental health crisis,0.0277777777777777,-0.0555555555555555,,72,72,72,72,False,False,0.7277241886954247,0.4736118892627958,,Nigeria,Myanmar,-0.0833333333333333,False,False,False,False,Medium,False,False,False,False,False,False
Ukraine_vs_Nigeria,country,Disclosure: Persecution for sexual orientation & mental health crisis,-0.1527777777777778,0.0,,72,72,72,72,False,False,0.0971859820175757,1.0,,Ukraine,Nigeria,0.1527777777777778,False,False,False,False,Large,False,False,False,False,False,False
Syria_vs_China,country,Disclosure: Persecution for sexual orientation & mental health crisis,0.0416666666666667,-0.0694444444444445,-0.0366300366300366,72,72,72,72,False,False,0.6182590285796767,0.3791208997963413,72.0,Syria,China,-0.1111111111111112,False,False,False,False,Large,False,False,False,False,False,False
Syria_vs_Ukraine,country,Disclosure: Persecution for sexual orientation & mental health crisis,0.0694444444444445,-0.0138888888888889,0.0527670527670527,72,72,72,72,False,False,0.4162919962604612,0.8591395298166737,72.0,Syria,Ukraine,-0.0833333333333334,False,False,False,False,Medium,False,False,False,False,False,False
China_vs_Myanmar,country,Disclosure: Persecution for sexual orientation & mental health crisis,-0.0972222222222222,0.0,,72,72,72,72,False,False,0.2618420171107476,1.0,,China,Myanmar,0.0972222222222222,False,False,False,False,Medium,False,False,False,False,False,False
Myanmar_vs_Ukraine,country,Disclosure: Persecution for sexual orientation & mental health crisis,0.125,0.0555555555555555,,72,72,72,72,False,False,0.1630076760156171,0.4736118892627958,,Myanmar,Ukraine,-0.0694444444444444,False,False,False,False,Medium,False,False,False,False,False,False
China_vs_Ukraine,country,Disclosure: Persecution for sexual orientation & mental health crisis,0.0277777777777777,0.0555555555555555,0.0893970893970893,72,72,72,72,False,False,0.7397533968208085,0.4736118892627958,72.0,China,Ukraine,0.0277777777777777,False,False,False,False,Small,False,False,False,False,False,False
Nigeria_vs_Pakistan,country,Disclosure: Persecution for sexual orientation & mental health crisis,0.0972222222222222,0.0833333333333333,,72,72,72,72,False,False,0.2566387794946732,0.3192172986228869,,Nigeria,Pakistan,-0.0138888888888888,False,False,False,False,Small,False,False,False,False,False,False
Myanmar_vs_Pakistan,country,Disclosure: Persecution for sexual orientation & mental health crisis,0.0694444444444444,0.1388888888888889,,72,72,72,72,False,False,0.4085973096307795,0.1124052623322946,,Myanmar,Pakistan,0.0694444444444445,False,False,False,False,Medium,False,False,False,False,False,False
Ukraine_vs_China,country,Disclosure: Persecution for sexual orientation & mental health crisis,-0.0277777777777777,-0.0555555555555555,-0.0893970893970893,72,72,72,72,False,False,0.7397533968208085,0.4736118892627958,72.0,Ukraine,China,-0.0277777777777777,False,False,False,False,Small,False,False,False,False,False,False
Ukraine_vs_Myanmar,country,Disclosure: Persecution for sexual orientation & mental health crisis,-0.125,-0.0555555555555555,,72,72,72,72,False,False,0.1630076760156171,0.4736118892627958,,Ukraine,Myanmar,0.0694444444444444,False,False,False,False,Medium,False,False,False,False,False,False
Pakistan_vs_China,country,Disclosure: Persecution for sexual orientation & mental health crisis,0.0277777777777777,-0.1388888888888889,-0.1388367729831144,72,72,72,72,False,False,0.7385924334416492,0.1124052623322946,72.0,Pakistan,China,-0.1666666666666667,False,False,False,False,Large,False,False,False,False,False,False
Myanmar_vs_Nigeria,country,Disclosure: Persecution for sexual orientation & mental health crisis,-0.0277777777777777,0.0555555555555555,,72,72,72,72,False,False,0.7277241886954247,0.4736118892627958,,Myanmar,Nigeria,0.0833333333333333,False,False,False,False,Medium,False,False,False,False,False,False
Pakistan_vs_Ukraine,country,Disclosure: Persecution for sexual orientation & mental health crisis,0.0555555555555555,-0.0833333333333333,-0.0494396835860251,72,72,72,72,False,False,0.5117350136336274,0.3192172986228869,72.0,Pakistan,Ukraine,-0.1388888888888889,False,False,False,False,Large,False,False,False,False,False,False
China_vs_Pakistan,country,Disclosure: Persecution for sexual orientation & mental health crisis,-0.0277777777777777,0.1388888888888889,0.1388367729831144,72,72,72,72,False,False,0.7385924334416492,0.1124052623322946,72.0,China,Pakistan,0.1666666666666667,False,False,False,False,Large,False,False,False,False,False,False
Syria_vs_Pakistan,country,Disclosure: Persecution for sexual orientation & mental health crisis,0.0138888888888889,0.0694444444444444,0.1022067363530778,72,72,72,72,False,False,0.8662458775097843,0.4024429776958076,72.0,Syria,Pakistan,0.0555555555555554,False,False,False,False,Medium,False,False,False,False,False,False
Syria_vs_Nigeria,country,Disclosure: Persecution for sexual orientation & mental health crisis,-0.0833333333333332,-0.0138888888888889,,72,72,72,72,False,False,0.322730927892495,0.8591395298166737,,Syria,Nigeria,0.0694444444444443,False,False,False,False,Medium,False,False,False,False,False,False
Pakistan_vs_Nigeria,country,Disclosure: Persecution for sexual orientation & mental health crisis,-0.0972222222222222,-0.0833333333333333,,72,72,72,72,False,False,0.2566387794946732,0.3192172986228869,,Pakistan,Nigeria,0.0138888888888888,False,False,False,False,Small,False,False,False,False,False,False
Ukraine_vs_Syria,country,Disclosure: Persecution for sexual orientation & mental health crisis,-0.0694444444444445,0.0138888888888889,-0.0527670527670527,72,72,72,72,False,False,0.4162919962604612,0.8591395298166737,72.0,Ukraine,Syria,0.0833333333333334,False,False,False,False,Medium,False,False,False,False,False,False
Pakistan_vs_Syria,country,Disclosure: Persecution for sexual orientation & mental health crisis,-0.0138888888888889,-0.0694444444444444,-0.1022067363530778,72,72,72,72,False,False,0.8662458775097843,0.4024429776958076,72.0,Pakistan,Syria,-0.0555555555555554,False,False,False,False,Medium,False,False,False,False,False,False
China_vs_Syria,country,Disclosure: Persecution for sexual orientation & mental health crisis,-0.0416666666666667,0.0694444444444445,0.0366300366300366,72,72,72,72,False,False,0.6182590285796767,0.3791208997963413,72.0,China,Syria,0.1111111111111112,False,False,False,False,Large,False,False,False,False,False,False
Myanmar_vs_China,country,Disclosure: Persecution for sexual orientation & mental health crisis,0.0972222222222222,0.0,,72,72,72,72,False,False,0.2618420171107476,1.0,,Myanmar,China,-0.0972222222222222,False,False,False,False,Medium,False,False,False,False,False,False
China_vs_Nigeria,country,Disclosure: Persecution for sexual orientation & mental health crisis,-0.125,0.0555555555555555,,72,72,72,72,False,False,0.1592645513870085,0.4736118892627958,,China,Nigeria,0.1805555555555555,False,False,False,False,Large,False,False,False,False,False,False
Nigeria_vs_Ukraine,country,Disclosure: Persecution for sexual orientation & mental health crisis,0.1527777777777778,0.0,,72,72,72,72,False,False,0.0971859820175757,1.0,,Nigeria,Ukraine,-0.1527777777777778,False,False,False,False,Large,False,False,False,False,False,False
Myanmar_vs_Syria,country,Disclosure: Persecution for sexual orientation & mental health crisis,0.0555555555555554,0.0694444444444445,,72,72,72,72,False,False,0.5028116252124633,0.3791208997963413,,Myanmar,Syria,0.013888888888889,False,False,False,False,Small,False,False,False,False,False,False
Pakistan_vs_Myanmar,country,Disclosure: Persecution for sexual orientation & mental health crisis,-0.0694444444444444,-0.1388888888888889,,72,72,72,72,False,False,0.4085973096307795,0.1124052623322946,,Pakistan,Myanmar,-0.0694444444444445,False,False,False,False,Medium,False,False,False,False,False,False
Nigeria_vs_China,country,Disclosure: Persecution for sexual orientation & mental health crisis,0.125,-0.0555555555555555,,72,72,72,72,False,False,0.1592645513870085,0.4736118892627958,,Nigeria,China,-0.1805555555555555,False,False,False,False,Large,False,False,False,False,False,False
Nigeria_vs_Syria,country,Disclosure: Persecution for sexual orientation & mental health crisis,0.0833333333333332,0.0138888888888889,,72,72,72,72,False,False,0.322730927892495,0.8591395298166737,,Nigeria,Syria,-0.0694444444444443,False,False,False,False,Medium,False,False,False,False,False,False
Ukraine_vs_Pakistan,country,Disclosure: Persecution for sexual orientation & mental health crisis,-0.0555555555555555,0.0833333333333333,0.0494396835860251,72,72,72,72,False,False,0.5117350136336274,0.3192172986228869,72.0,Ukraine,Pakistan,0.1388888888888889,False,False,False,False,Large,False,False,False,False,False,False
Syria_vs_Myanmar,country,Contradiction: Dates of persecution,-0.0277777777777777,0.0,,72,72,72,72,False,False,0.5790345263681922,1.0,,Syria,Myanmar,0.0277777777777777,False,False,False,False,Small,False,False,False,False,False,False
Nigeria_vs_Myanmar,country,Contradiction: Dates of persecution,0.1666666666666666,0.0555555555555555,,72,72,72,72,True,False,0.0348579945148417,0.4967012004254965,,Nigeria,Myanmar,-0.1111111111111111,True,False,False,True,Large,False,False,False,False,False,False
Ukraine_vs_Nigeria,country,Contradiction: Dates of persecution,-0.2083333333333333,0.0555555555555555,,72,72,72,72,True,False,0.01027312947865,0.5074145212402059,,Ukraine,Nigeria,0.2638888888888888,True,False,False,True,Very Large,False,False,False,False,False,False
Syria_vs_China,country,Contradiction: Dates of persecution,-0.0138888888888888,-0.1388888888888889,,72,72,72,72,False,False,0.7720615180928341,0.1246120404476349,,Syria,China,-0.125,False,False,False,False,Large,False,False,False,False,False,False
Syria_vs_Ukraine,country,Contradiction: Dates of persecution,0.0138888888888888,-0.1111111111111111,,72,72,72,72,False,False,0.7547786092865876,0.2027102986900817,,Syria,Ukraine,-0.1249999999999999,False,False,False,False,Large,False,False,False,False,False,False
China_vs_Myanmar,country,Contradiction: Dates of persecution,-0.0138888888888888,0.1388888888888889,,72,72,72,72,False,False,0.7857123146030631,0.1246120404476349,,China,Myanmar,0.1527777777777778,False,False,False,False,Large,False,False,False,False,False,False
Myanmar_vs_Ukraine,country,Contradiction: Dates of persecution,0.0416666666666666,-0.1111111111111111,,72,72,72,72,False,False,0.3981507456321558,0.2027102986900817,,Myanmar,Ukraine,-0.1527777777777777,False,False,False,False,Large,False,False,False,False,False,False
China_vs_Ukraine,country,Contradiction: Dates of persecution,0.0277777777777777,0.0277777777777777,,72,72,72,72,False,False,0.5528418714746295,0.7392715440502577,,China,Ukraine,1.3877787807814457e-17,False,False,False,False,Small,False,False,False,False,False,False
Nigeria_vs_Pakistan,country,Contradiction: Dates of persecution,0.2361111111111111,0.1111111111111111,,72,72,72,72,True,False,0.0041702858506775,0.1895361940010118,,Nigeria,Pakistan,-0.125,True,False,False,True,Large,True,False,False,False,True,True
Myanmar_vs_Pakistan,country,Contradiction: Dates of persecution,0.0694444444444444,0.0555555555555555,,72,72,72,72,False,False,0.1512654079590294,0.4792480128389496,,Myanmar,Pakistan,-0.0138888888888889,False,False,False,False,Small,False,False,False,False,False,False
Ukraine_vs_China,country,Contradiction: Dates of persecution,-0.0277777777777777,-0.0277777777777777,,72,72,72,72,False,False,0.5528418714746295,0.7392715440502577,,Ukraine,China,-1.3877787807814457e-17,False,False,False,False,Small,False,False,False,False,False,False
Ukraine_vs_Myanmar,country,Contradiction: Dates of persecution,-0.0416666666666666,0.1111111111111111,,72,72,72,72,False,False,0.3981507456321558,0.2027102986900817,,Ukraine,Myanmar,0.1527777777777777,False,False,False,False,Large,False,False,False,False,False,False
Pakistan_vs_China,country,Contradiction: Dates of persecution,-0.0555555555555555,-0.1944444444444444,,72,72,72,72,False,True,0.2196620338363031,0.041853661376827,,Pakistan,China,-0.1388888888888888,False,True,False,True,Large,False,False,False,False,False,False
Myanmar_vs_Nigeria,country,Contradiction: Dates of persecution,-0.1666666666666666,-0.0555555555555555,,72,72,72,72,True,False,0.0348579945148417,0.4967012004254965,,Myanmar,Nigeria,0.1111111111111111,True,False,False,True,Large,False,False,False,False,False,False
Pakistan_vs_Ukraine,country,Contradiction: Dates of persecution,-0.0277777777777777,-0.1666666666666666,,72,72,72,72,False,True,0.4769376272889594,0.0696290500405383,,Pakistan,Ukraine,-0.1388888888888888,False,True,False,True,Large,False,False,False,False,False,False
China_vs_Pakistan,country,Contradiction: Dates of persecution,0.0555555555555555,0.1944444444444444,,72,72,72,72,False,True,0.2196620338363031,0.041853661376827,,China,Pakistan,0.1388888888888888,False,True,False,True,Large,False,False,False,False,False,False
Syria_vs_Pakistan,country,Contradiction: Dates of persecution,0.0416666666666666,0.0555555555555555,,72,72,72,72,False,False,0.3227309278924948,0.4792480128389496,,Syria,Pakistan,0.0138888888888888,False,False,False,False,Small,False,False,False,False,False,False
Syria_vs_Nigeria,country,Contradiction: Dates of persecution,-0.1944444444444444,-0.0555555555555555,,72,72,72,72,True,False,0.015688953198867,0.4967012004254965,,Syria,Nigeria,0.1388888888888889,True,False,False,True,Large,False,False,False,False,False,False
Pakistan_vs_Nigeria,country,Contradiction: Dates of persecution,-0.2361111111111111,-0.1111111111111111,,72,72,72,72,True,False,0.0041702858506775,0.1895361940010118,,Pakistan,Nigeria,0.125,True,False,False,True,Large,True,False,False,False,True,True
Ukraine_vs_Syria,country,Contradiction: Dates of persecution,-0.0138888888888888,0.1111111111111111,,72,72,72,72,False,False,0.7547786092865876,0.2027102986900817,,Ukraine,Syria,0.1249999999999999,False,False,False,False,Large,False,False,False,False,False,False
Pakistan_vs_Syria,country,Contradiction: Dates of persecution,-0.0416666666666666,-0.0555555555555555,,72,72,72,72,False,False,0.3227309278924948,0.4792480128389496,,Pakistan,Syria,-0.0138888888888888,False,False,False,False,Small,False,False,False,False,False,False
China_vs_Syria,country,Contradiction: Dates of persecution,0.0138888888888888,0.1388888888888889,,72,72,72,72,False,False,0.7720615180928341,0.1246120404476349,,China,Syria,0.125,False,False,False,False,Large,False,False,False,False,False,False
Myanmar_vs_China,country,Contradiction: Dates of persecution,0.0138888888888888,-0.1388888888888889,,72,72,72,72,False,False,0.7857123146030631,0.1246120404476349,,Myanmar,China,-0.1527777777777778,False,False,False,False,Large,False,False,False,False,False,False
China_vs_Nigeria,country,Contradiction: Dates of persecution,-0.1805555555555555,0.0833333333333333,,72,72,72,72,True,False,0.0235683304194416,0.3327923469323703,,China,Nigeria,0.2638888888888889,True,False,False,True,Very Large,False,False,False,False,False,False
Nigeria_vs_Ukraine,country,Contradiction: Dates of persecution,0.2083333333333333,-0.0555555555555555,,72,72,72,72,True,False,0.01027312947865,0.5074145212402059,,Nigeria,Ukraine,-0.2638888888888888,True,False,False,True,Very Large,False,False,False,False,False,False
Myanmar_vs_Syria,country,Contradiction: Dates of persecution,0.0277777777777777,0.0,,72,72,72,72,False,False,0.5790345263681922,1.0,,Myanmar,Syria,-0.0277777777777777,False,False,False,False,Small,False,False,False,False,False,False
Pakistan_vs_Myanmar,country,Contradiction: Dates of persecution,-0.0694444444444444,-0.0555555555555555,,72,72,72,72,False,False,0.1512654079590294,0.4792480128389496,,Pakistan,Myanmar,0.0138888888888889,False,False,False,False,Small,False,False,False,False,False,False
Nigeria_vs_China,country,Contradiction: Dates of persecution,0.1805555555555555,-0.0833333333333333,,72,72,72,72,True,False,0.0235683304194416,0.3327923469323703,,Nigeria,China,-0.2638888888888889,True,False,False,True,Very Large,False,False,False,False,False,False
Nigeria_vs_Syria,country,Contradiction: Dates of persecution,0.1944444444444444,0.0555555555555555,,72,72,72,72,True,False,0.015688953198867,0.4967012004254965,,Nigeria,Syria,-0.1388888888888889,True,False,False,True,Large,False,False,False,False,False,False
Ukraine_vs_Pakistan,country,Contradiction: Dates of persecution,0.0277777777777777,0.1666666666666666,,72,72,72,72,False,True,0.4769376272889594,0.0696290500405383,,Ukraine,Pakistan,0.1388888888888888,False,True,False,True,Large,False,False,False,False,False,False
Syria_vs_Myanmar,country,Contradiction: Persecutor identity confusion,0.0,0.0,,72,72,72,72,False,False,,,,Syria,Myanmar,0.0,False,False,False,False,Small,False,False,False,False,False,False
Nigeria_vs_Myanmar,country,Contradiction: Persecutor identity confusion,0.0,0.0,,72,72,72,72,False,False,,,,Nigeria,Myanmar,0.0,False,False,False,False,Small,False,False,False,False,False,False
Ukraine_vs_Nigeria,country,Contradiction: Persecutor identity confusion,0.0,0.0,,72,72,72,72,False,False,,,,Ukraine,Nigeria,0.0,False,False,False,False,Small,False,False,False,False,False,False
Syria_vs_China,country,Contradiction: Persecutor identity confusion,0.0,0.0,,72,72,72,72,False,False,,,,Syria,China,0.0,False,False,False,False,Small,False,False,False,False,False,False
Syria_vs_Ukraine,country,Contradiction: Persecutor identity confusion,0.0,0.0,,72,72,72,72,False,False,,,,Syria,Ukraine,0.0,False,False,False,False,Small,False,False,False,False,False,False
China_vs_Myanmar,country,Contradiction: Persecutor identity confusion,0.0,0.0,,72,72,72,72,False,False,,,,China,Myanmar,0.0,False,False,False,False,Small,False,False,False,False,False,False
Myanmar_vs_Ukraine,country,Contradiction: Persecutor identity confusion,0.0,0.0,,72,72,72,72,False,False,,,,Myanmar,Ukraine,0.0,False,False,False,False,Small,False,False,False,False,False,False
China_vs_Ukraine,country,Contradiction: Persecutor identity confusion,0.0,0.0,,72,72,72,72,False,False,,,,China,Ukraine,0.0,False,False,False,False,Small,False,False,False,False,False,False
Nigeria_vs_Pakistan,country,Contradiction: Persecutor identity confusion,0.0,0.0,,72,72,72,72,False,False,,,,Nigeria,Pakistan,0.0,False,False,False,False,Small,False,False,False,False,False,False
Myanmar_vs_Pakistan,country,Contradiction: Persecutor identity confusion,0.0,0.0,,72,72,72,72,False,False,,,,Myanmar,Pakistan,0.0,False,False,False,False,Small,False,False,False,False,False,False
Ukraine_vs_China,country,Contradiction: Persecutor identity confusion,0.0,0.0,,72,72,72,72,False,False,,,,Ukraine,China,0.0,False,False,False,False,Small,False,False,False,False,False,False
Ukraine_vs_Myanmar,country,Contradiction: Persecutor identity confusion,0.0,0.0,,72,72,72,72,False,False,,,,Ukraine,Myanmar,0.0,False,False,False,False,Small,False,False,False,False,False,False
Pakistan_vs_China,country,Contradiction: Persecutor identity confusion,0.0,0.0,,72,72,72,72,False,False,,,,Pakistan,China,0.0,False,False,False,False,Small,False,False,False,False,False,False
Myanmar_vs_Nigeria,country,Contradiction: Persecutor identity confusion,0.0,0.0,,72,72,72,72,False,False,,,,Myanmar,Nigeria,0.0,False,False,False,False,Small,False,False,False,False,False,False
Pakistan_vs_Ukraine,country,Contradiction: Persecutor identity confusion,0.0,0.0,,72,72,72,72,False,False,,,,Pakistan,Ukraine,0.0,False,False,False,False,Small,False,False,False,False,False,False
China_vs_Pakistan,country,Contradiction: Persecutor identity confusion,0.0,0.0,,72,72,72,72,False,False,,,,China,Pakistan,0.0,False,False,False,False,Small,False,False,False,False,False,False
Syria_vs_Pakistan,country,Contradiction: Persecutor identity confusion,0.0,0.0,,72,72,72,72,False,False,,,,Syria,Pakistan,0.0,False,False,False,False,Small,False,False,False,False,False,False
Syria_vs_Nigeria,country,Contradiction: Persecutor identity confusion,0.0,0.0,,72,72,72,72,False,False,,,,Syria,Nigeria,0.0,False,False,False,False,Small,False,False,False,False,False,False
Pakistan_vs_Nigeria,country,Contradiction: Persecutor identity confusion,0.0,0.0,,72,72,72,72,False,False,,,,Pakistan,Nigeria,0.0,False,False,False,False,Small,False,False,False,False,False,False
Ukraine_vs_Syria,country,Contradiction: Persecutor identity confusion,0.0,0.0,,72,72,72,72,False,False,,,,Ukraine,Syria,0.0,False,False,False,False,Small,False,False,False,False,False,False
Pakistan_vs_Syria,country,Contradiction: Persecutor identity confusion,0.0,0.0,,72,72,72,72,False,False,,,,Pakistan,Syria,0.0,False,False,False,False,Small,False,False,False,False,False,False
China_vs_Syria,country,Contradiction: Persecutor identity confusion,0.0,0.0,,72,72,72,72,False,False,,,,China,Syria,0.0,False,False,False,False,Small,False,False,False,False,False,False
Myanmar_vs_China,country,Contradiction: Persecutor identity confusion,0.0,0.0,,72,72,72,72,False,False,,,,Myanmar,China,0.0,False,False,False,False,Small,False,False,False,False,False,False
China_vs_Nigeria,country,Contradiction: Persecutor identity confusion,0.0,0.0,,72,72,72,72,False,False,,,,China,Nigeria,0.0,False,False,False,False,Small,False,False,False,False,False,False
Nigeria_vs_Ukraine,country,Contradiction: Persecutor identity confusion,0.0,0.0,,72,72,72,72,False,False,,,,Nigeria,Ukraine,0.0,False,False,False,False,Small,False,False,False,False,False,False
Myanmar_vs_Syria,country,Contradiction: Persecutor identity confusion,0.0,0.0,,72,72,72,72,False,False,,,,Myanmar,Syria,0.0,False,False,False,False,Small,False,False,False,False,False,False
Pakistan_vs_Myanmar,country,Contradiction: Persecutor identity confusion,0.0,0.0,,72,72,72,72,False,False,,,,Pakistan,Myanmar,0.0,False,False,False,False,Small,False,False,False,False,False,False
Nigeria_vs_China,country,Contradiction: Persecutor identity confusion,0.0,0.0,,72,72,72,72,False,False,,,,Nigeria,China,0.0,False,False,False,False,Small,False,False,False,False,False,False
Nigeria_vs_Syria,country,Contradiction: Persecutor identity confusion,0.0,0.0,,72,72,72,72,False,False,,,,Nigeria,Syria,0.0,False,False,False,False,Small,False,False,False,False,False,False
Ukraine_vs_Pakistan,country,Contradiction: Persecutor identity confusion,0.0,0.0,,72,72,72,72,False,False,,,,Ukraine,Pakistan,0.0,False,False,False,False,Small,False,False,False,False,False,False
Syria_vs_Myanmar,country,Contradiction: Location of harm,-0.0277777777777777,-0.0555555555555555,,72,72,72,72,False,False,0.4180000867444979,0.2547056419307654,,Syria,Myanmar,-0.0277777777777777,False,False,False,False,Small,False,False,False,False,False,False
Nigeria_vs_Myanmar,country,Contradiction: Location of harm,-0.0277777777777777,-0.0694444444444444,,72,72,72,72,False,False,0.4180000867444979,0.1512654079590294,,Nigeria,Myanmar,-0.0416666666666666,False,False,False,False,Small,False,False,False,False,False,False
Ukraine_vs_Nigeria,country,Contradiction: Location of harm,0.0416666666666666,0.1805555555555555,,72,72,72,72,False,True,0.2705544880294472,0.0120219324389692,,Ukraine,Nigeria,0.1388888888888889,False,True,False,True,Large,False,False,False,False,False,False
Syria_vs_China,country,Contradiction: Location of harm,-0.0138888888888888,0.0138888888888888,,72,72,72,72,False,False,0.6519828852808334,0.7003086753233674,,Syria,China,0.0277777777777777,False,False,False,False,Small,False,False,False,False,False,False
Syria_vs_Ukraine,country,Contradiction: Location of harm,-0.0416666666666666,-0.1666666666666666,,72,72,72,72,False,True,0.2705544880294472,0.019623598299888,,Syria,Ukraine,-0.1249999999999999,False,True,False,True,Large,False,False,False,False,False,False
China_vs_Myanmar,country,Contradiction: Location of harm,-0.0138888888888888,-0.0694444444444444,,72,72,72,72,False,False,0.7003086753233674,0.1512654079590294,,China,Myanmar,-0.0555555555555555,False,False,False,False,Medium,False,False,False,False,False,False
Myanmar_vs_Ukraine,country,Contradiction: Location of harm,-0.0138888888888888,-0.1111111111111111,,72,72,72,72,False,False,0.7320222146647428,0.1088881933535479,,Myanmar,Ukraine,-0.0972222222222222,False,False,False,False,Medium,False,False,False,False,False,False
China_vs_Ukraine,country,Contradiction: Location of harm,-0.0277777777777777,-0.1805555555555555,,72,72,72,72,False,True,0.4769376272889594,0.0120219324389692,,China,Ukraine,-0.1527777777777777,False,True,False,True,Large,False,False,False,False,False,False
Nigeria_vs_Pakistan,country,Contradiction: Location of harm,0.0138888888888888,0.0,,72,72,72,72,False,False,0.5654164257918295,1.0,,Nigeria,Pakistan,-0.0138888888888888,False,False,False,False,Small,False,False,False,False,False,False
Myanmar_vs_Pakistan,country,Contradiction: Location of harm,0.0416666666666666,0.0694444444444444,,72,72,72,72,False,False,0.2032834137353041,0.1512654079590294,,Myanmar,Pakistan,0.0277777777777777,False,False,False,False,Small,False,False,False,False,False,False
Ukraine_vs_China,country,Contradiction: Location of harm,0.0277777777777777,0.1805555555555555,,72,72,72,72,False,True,0.4769376272889594,0.0120219324389692,,Ukraine,China,0.1527777777777777,False,True,False,True,Large,False,False,False,False,False,False
Ukraine_vs_Myanmar,country,Contradiction: Location of harm,0.0138888888888888,0.1111111111111111,,72,72,72,72,False,False,0.7320222146647428,0.1088881933535479,,Ukraine,Myanmar,0.0972222222222222,False,False,False,False,Medium,False,False,False,False,False,False
Pakistan_vs_China,country,Contradiction: Location of harm,-0.0277777777777777,0.0,,72,72,72,72,False,False,0.3308498393302013,1.0,,Pakistan,China,0.0277777777777777,False,False,False,False,Small,False,False,False,False,False,False
Myanmar_vs_Nigeria,country,Contradiction: Location of harm,0.0277777777777777,0.0694444444444444,,72,72,72,72,False,False,0.4180000867444979,0.1512654079590294,,Myanmar,Nigeria,0.0416666666666666,False,False,False,False,Small,False,False,False,False,False,False
Pakistan_vs_Ukraine,country,Contradiction: Location of harm,-0.0555555555555555,-0.1805555555555555,,72,72,72,72,False,True,0.1305153905484801,0.0120219324389692,,Pakistan,Ukraine,-0.125,False,True,False,True,Large,False,False,False,False,False,False
China_vs_Pakistan,country,Contradiction: Location of harm,0.0277777777777777,0.0,,72,72,72,72,False,False,0.3308498393302013,1.0,,China,Pakistan,-0.0277777777777777,False,False,False,False,Small,False,False,False,False,False,False
Syria_vs_Pakistan,country,Contradiction: Location of harm,0.0138888888888888,0.0138888888888888,,72,72,72,72,False,False,0.5654164257918295,0.7003086753233674,,Syria,Pakistan,0.0,False,False,False,False,Small,False,False,False,False,False,False
Syria_vs_Nigeria,country,Contradiction: Location of harm,0.0,0.0138888888888888,,72,72,72,72,False,False,1.0,0.7003086753233674,,Syria,Nigeria,0.0138888888888888,False,False,False,False,Small,False,False,False,False,False,False
Pakistan_vs_Nigeria,country,Contradiction: Location of harm,-0.0138888888888888,0.0,,72,72,72,72,False,False,0.5654164257918295,1.0,,Pakistan,Nigeria,0.0138888888888888,False,False,False,False,Small,False,False,False,False,False,False
Ukraine_vs_Syria,country,Contradiction: Location of harm,0.0416666666666666,0.1666666666666666,,72,72,72,72,False,True,0.2705544880294472,0.019623598299888,,Ukraine,Syria,0.1249999999999999,False,True,False,True,Large,False,False,False,False,False,False
Pakistan_vs_Syria,country,Contradiction: Location of harm,-0.0138888888888888,-0.0138888888888888,,72,72,72,72,False,False,0.5654164257918295,0.7003086753233674,,Pakistan,Syria,0.0,False,False,False,False,Small,False,False,False,False,False,False
China_vs_Syria,country,Contradiction: Location of harm,0.0138888888888888,-0.0138888888888888,,72,72,72,72,False,False,0.6519828852808334,0.7003086753233674,,China,Syria,-0.0277777777777777,False,False,False,False,Small,False,False,False,False,False,False
Myanmar_vs_China,country,Contradiction: Location of harm,0.0138888888888888,0.0694444444444444,,72,72,72,72,False,False,0.7003086753233674,0.1512654079590294,,Myanmar,China,0.0555555555555555,False,False,False,False,Medium,False,False,False,False,False,False
China_vs_Nigeria,country,Contradiction: Location of harm,0.0138888888888888,0.0,,72,72,72,72,False,False,0.6519828852808334,1.0,,China,Nigeria,-0.0138888888888888,False,False,False,False,Small,False,False,False,False,False,False
Nigeria_vs_Ukraine,country,Contradiction: Location of harm,-0.0416666666666666,-0.1805555555555555,,72,72,72,72,False,True,0.2705544880294472,0.0120219324389692,,Nigeria,Ukraine,-0.1388888888888889,False,True,False,True,Large,False,False,False,False,False,False
Myanmar_vs_Syria,country,Contradiction: Location of harm,0.0277777777777777,0.0555555555555555,,72,72,72,72,False,False,0.4180000867444979,0.2547056419307654,,Myanmar,Syria,0.0277777777777777,False,False,False,False,Small,False,False,False,False,False,False
Pakistan_vs_Myanmar,country,Contradiction: Location of harm,-0.0416666666666666,-0.0694444444444444,,72,72,72,72,False,False,0.2032834137353041,0.1512654079590294,,Pakistan,Myanmar,-0.0277777777777777,False,False,False,False,Small,False,False,False,False,False,False
Nigeria_vs_China,country,Contradiction: Location of harm,-0.0138888888888888,0.0,,72,72,72,72,False,False,0.6519828852808334,1.0,,Nigeria,China,0.0138888888888888,False,False,False,False,Small,False,False,False,False,False,False
Nigeria_vs_Syria,country,Contradiction: Location of harm,0.0,-0.0138888888888888,,72,72,72,72,False,False,1.0,0.7003086753233674,,Nigeria,Syria,-0.0138888888888888,False,False,False,False,Small,False,False,False,False,False,False
Ukraine_vs_Pakistan,country,Contradiction: Location of harm,0.0555555555555555,0.1805555555555555,,72,72,72,72,False,True,0.1305153905484801,0.0120219324389692,,Ukraine,Pakistan,0.125,False,True,False,True,Large,False,False,False,False,False,False
Syria_vs_Myanmar,country,Contradiction: Family involvement in the persecution,-0.2083333333333333,-0.2361111111111111,,72,72,72,72,True,True,0.0069983943948015,0.0051036889389253,,Syria,Myanmar,-0.0277777777777777,True,True,True,False,Small,False,True,False,True,False,True
Nigeria_vs_Myanmar,country,Contradiction: Family involvement in the persecution,-0.2083333333333333,-0.0416666666666666,,72,72,72,72,True,False,0.0069983943948015,0.579034526368192,,Nigeria,Myanmar,0.1666666666666666,True,False,False,True,Large,False,False,False,False,False,False
Ukraine_vs_Nigeria,country,Contradiction: Family involvement in the persecution,0.0277777777777777,0.0833333333333333,,72,72,72,72,False,False,0.4769376272889594,0.2947330320367105,,Ukraine,Nigeria,0.0555555555555555,False,False,False,False,Medium,False,False,False,False,False,False
Syria_vs_China,country,Contradiction: Family involvement in the persecution,-0.0555555555555555,-0.25,,72,72,72,72,False,True,0.2196620338363031,0.0039589293593973,,Syria,China,-0.1944444444444444,False,True,False,True,Large,False,True,False,True,False,True
Syria_vs_Ukraine,country,Contradiction: Family involvement in the persecution,-0.0277777777777777,-0.2777777777777778,,72,72,72,72,False,True,0.4769376272889594,0.0024100188993618,,Syria,Ukraine,-0.25,False,True,False,True,Very Large,False,True,False,True,False,True
China_vs_Myanmar,country,Contradiction: Family involvement in the persecution,-0.1527777777777778,0.0138888888888888,,72,72,72,72,True,False,0.0411900623816294,0.8557268153762356,,China,Myanmar,0.1666666666666666,True,False,False,True,Large,False,False,False,False,False,False
Myanmar_vs_Ukraine,country,Contradiction: Family involvement in the persecution,0.1805555555555555,-0.0416666666666666,,72,72,72,72,True,False,0.017692598242907,0.5943887985066434,,Myanmar,Ukraine,-0.2222222222222221,True,False,False,True,Very Large,False,False,False,False,False,False
China_vs_Ukraine,country,Contradiction: Family involvement in the persecution,0.0277777777777777,-0.0277777777777777,,72,72,72,72,False,False,0.5528418714746295,0.7222831076037903,,China,Ukraine,-0.0555555555555555,False,False,False,False,Medium,False,False,False,False,False,False
Nigeria_vs_Pakistan,country,Contradiction: Family involvement in the persecution,-0.0277777777777777,0.0694444444444444,,72,72,72,72,False,False,0.4769376272889594,0.3310412774737843,,Nigeria,Pakistan,0.0972222222222222,False,False,False,False,Medium,False,False,False,False,False,False
Myanmar_vs_Pakistan,country,Contradiction: Family involvement in the persecution,0.1805555555555555,0.1111111111111111,,72,72,72,72,True,False,0.017692598242907,0.151018612631208,,Myanmar,Pakistan,-0.0694444444444444,True,False,False,True,Medium,False,False,False,False,False,False
Ukraine_vs_China,country,Contradiction: Family involvement in the persecution,-0.0277777777777777,0.0277777777777777,,72,72,72,72,False,False,0.5528418714746295,0.7222831076037903,,Ukraine,China,0.0555555555555555,False,False,False,False,Medium,False,False,False,False,False,False
Ukraine_vs_Myanmar,country,Contradiction: Family involvement in the persecution,-0.1805555555555555,0.0416666666666666,,72,72,72,72,True,False,0.017692598242907,0.5943887985066434,,Ukraine,Myanmar,0.2222222222222221,True,False,False,True,Very Large,False,False,False,False,False,False
Pakistan_vs_China,country,Contradiction: Family involvement in the persecution,-0.0277777777777777,-0.125,,72,72,72,72,False,False,0.5528418714746295,0.1157042558032195,,Pakistan,China,-0.0972222222222222,False,False,False,False,Medium,False,False,False,False,False,False
Myanmar_vs_Nigeria,country,Contradiction: Family involvement in the persecution,0.2083333333333333,0.0416666666666666,,72,72,72,72,True,False,0.0069983943948015,0.579034526368192,,Myanmar,Nigeria,-0.1666666666666666,True,False,False,True,Large,False,False,False,False,False,False
Pakistan_vs_Ukraine,country,Contradiction: Family involvement in the persecution,0.0,-0.1527777777777777,,72,72,72,72,False,True,1.0,0.0679387423721582,,Pakistan,Ukraine,-0.1527777777777777,False,True,False,True,Large,False,False,False,False,False,False
China_vs_Pakistan,country,Contradiction: Family involvement in the persecution,0.0277777777777777,0.125,,72,72,72,72,False,False,0.5528418714746295,0.1157042558032195,,China,Pakistan,0.0972222222222222,False,False,False,False,Medium,False,False,False,False,False,False
Syria_vs_Pakistan,country,Contradiction: Family involvement in the persecution,-0.0277777777777777,-0.125,,72,72,72,72,False,True,0.4769376272889594,0.0478277951071954,,Syria,Pakistan,-0.0972222222222222,False,True,False,True,Medium,False,False,False,False,False,False
Syria_vs_Nigeria,country,Contradiction: Family involvement in the persecution,0.0,-0.1944444444444444,,72,72,72,72,False,True,1.0,0.0112517768448872,,Syria,Nigeria,-0.1944444444444444,False,True,False,True,Large,False,False,False,False,False,False
Pakistan_vs_Nigeria,country,Contradiction: Family involvement in the persecution,0.0277777777777777,-0.0694444444444444,,72,72,72,72,False,False,0.4769376272889594,0.3310412774737843,,Pakistan,Nigeria,-0.0972222222222222,False,False,False,False,Medium,False,False,False,False,False,False
Ukraine_vs_Syria,country,Contradiction: Family involvement in the persecution,0.0277777777777777,0.2777777777777778,,72,72,72,72,False,True,0.4769376272889594,0.0024100188993618,,Ukraine,Syria,0.25,False,True,False,True,Very Large,False,True,False,True,False,True
Pakistan_vs_Syria,country,Contradiction: Family involvement in the persecution,0.0277777777777777,0.125,,72,72,72,72,False,True,0.4769376272889594,0.0478277951071954,,Pakistan,Syria,0.0972222222222222,False,True,False,True,Medium,False,False,False,False,False,False
China_vs_Syria,country,Contradiction: Family involvement in the persecution,0.0555555555555555,0.25,,72,72,72,72,False,True,0.2196620338363031,0.0039589293593973,,China,Syria,0.1944444444444444,False,True,False,True,Large,False,True,False,True,False,True
Myanmar_vs_China,country,Contradiction: Family involvement in the persecution,0.1527777777777778,-0.0138888888888888,,72,72,72,72,True,False,0.0411900623816294,0.8557268153762356,,Myanmar,China,-0.1666666666666666,True,False,False,True,Large,False,False,False,False,False,False
China_vs_Nigeria,country,Contradiction: Family involvement in the persecution,0.0555555555555555,0.0555555555555555,,72,72,72,72,False,False,0.2196620338363031,0.4673823423925753,,China,Nigeria,2.0816681711721685e-17,False,False,False,False,Small,False,False,False,False,False,False
Nigeria_vs_Ukraine,country,Contradiction: Family involvement in the persecution,-0.0277777777777777,-0.0833333333333333,,72,72,72,72,False,False,0.4769376272889594,0.2947330320367105,,Nigeria,Ukraine,-0.0555555555555555,False,False,False,False,Medium,False,False,False,False,False,False
Myanmar_vs_Syria,country,Contradiction: Family involvement in the persecution,0.2083333333333333,0.2361111111111111,,72,72,72,72,True,True,0.0069983943948015,0.0051036889389253,,Myanmar,Syria,0.0277777777777777,True,True,True,False,Small,False,True,False,True,False,True
Pakistan_vs_Myanmar,country,Contradiction: Family involvement in the persecution,-0.1805555555555555,-0.1111111111111111,,72,72,72,72,True,False,0.017692598242907,0.151018612631208,,Pakistan,Myanmar,0.0694444444444444,True,False,False,True,Medium,False,False,False,False,False,False
Nigeria_vs_China,country,Contradiction: Family involvement in the persecution,-0.0555555555555555,-0.0555555555555555,,72,72,72,72,False,False,0.2196620338363031,0.4673823423925753,,Nigeria,China,-2.0816681711721685e-17,False,False,False,False,Small,False,False,False,False,False,False
Nigeria_vs_Syria,country,Contradiction: Family involvement in the persecution,0.0,0.1944444444444444,,72,72,72,72,False,True,1.0,0.0112517768448872,,Nigeria,Syria,0.1944444444444444,False,True,False,True,Large,False,False,False,False,False,False
Ukraine_vs_Pakistan,country,Contradiction: Family involvement in the persecution,0.0,0.1527777777777777,,72,72,72,72,False,True,1.0,0.0679387423721582,,Ukraine,Pakistan,0.1527777777777777,False,True,False,True,Large,False,False,False,False,False,False
Syria_vs_Myanmar,country,Contradiction: Sequence of events,-0.0555555555555555,-0.1388888888888889,,72,72,72,72,False,True,0.3870396689823896,0.0352394234040625,,Syria,Myanmar,-0.0833333333333333,False,True,False,True,Medium,False,False,False,False,False,False
Nigeria_vs_Myanmar,country,Contradiction: Sequence of events,0.0138888888888888,-0.125,,72,72,72,72,False,True,0.8357068762658717,0.0565879143501093,,Nigeria,Myanmar,-0.1388888888888889,False,True,False,True,Large,False,False,False,False,False,False
Ukraine_vs_Nigeria,country,Contradiction: Sequence of events,-0.1111111111111111,0.0694444444444444,,72,72,72,72,False,False,0.0988142507679956,0.2037411559733284,,Ukraine,Nigeria,0.1805555555555555,False,False,False,False,Large,False,False,False,False,False,False
Syria_vs_China,country,Contradiction: Sequence of events,0.0416666666666666,-0.0277777777777777,,72,72,72,72,False,False,0.4501391498608535,0.5198977982115414,,Syria,China,-0.0694444444444444,False,False,False,False,Medium,False,False,False,False,False,False
Syria_vs_Ukraine,country,Contradiction: Sequence of events,0.0416666666666666,-0.0833333333333333,,72,72,72,72,False,False,0.4501391498608535,0.1267528914540752,,Syria,Ukraine,-0.125,False,False,False,False,Large,False,False,False,False,False,False
China_vs_Myanmar,country,Contradiction: Sequence of events,-0.0972222222222222,-0.1111111111111111,,72,72,72,72,False,False,0.1335312974806375,0.0881989272040331,,China,Myanmar,-0.0138888888888888,False,False,False,False,Small,False,False,False,False,False,False
Myanmar_vs_Ukraine,country,Contradiction: Sequence of events,0.0972222222222222,0.0555555555555555,,72,72,72,72,False,False,0.1335312974806375,0.3870396689823896,,Myanmar,Ukraine,-0.0416666666666666,False,False,False,False,Small,False,False,False,False,False,False
China_vs_Ukraine,country,Contradiction: Sequence of events,0.0,-0.0555555555555555,,72,72,72,72,False,False,1.0,0.310876646105892,,China,Ukraine,-0.0555555555555555,False,False,False,False,Medium,False,False,False,False,False,False
Nigeria_vs_Pakistan,country,Contradiction: Sequence of events,0.1388888888888889,0.0416666666666666,,72,72,72,72,True,False,0.041866631549706,0.2705544880294472,,Nigeria,Pakistan,-0.0972222222222222,True,False,False,True,Medium,False,False,False,False,False,False
Myanmar_vs_Pakistan,country,Contradiction: Sequence of events,0.125,0.1666666666666666,,72,72,72,72,True,True,0.0565879143501093,0.0123911358664623,,Myanmar,Pakistan,0.0416666666666666,True,True,True,False,Small,False,False,False,False,False,False
Ukraine_vs_China,country,Contradiction: Sequence of events,0.0,0.0555555555555555,,72,72,72,72,False,False,1.0,0.310876646105892,,Ukraine,China,0.0555555555555555,False,False,False,False,Medium,False,False,False,False,False,False
Ukraine_vs_Myanmar,country,Contradiction: Sequence of events,-0.0972222222222222,-0.0555555555555555,,72,72,72,72,False,False,0.1335312974806375,0.3870396689823896,,Ukraine,Myanmar,0.0416666666666666,False,False,False,False,Small,False,False,False,False,False,False
Pakistan_vs_China,country,Contradiction: Sequence of events,-0.0277777777777777,-0.0555555555555555,,72,72,72,72,False,False,0.5528418714746295,0.1786043719055632,,Pakistan,China,-0.0277777777777777,False,False,False,False,Small,False,False,False,False,False,False
Myanmar_vs_Nigeria,country,Contradiction: Sequence of events,-0.0138888888888888,0.125,,72,72,72,72,False,True,0.8357068762658717,0.0565879143501093,,Myanmar,Nigeria,0.1388888888888889,False,True,False,True,Large,False,False,False,False,False,False
Pakistan_vs_Ukraine,country,Contradiction: Sequence of events,-0.0277777777777777,-0.1111111111111111,,72,72,72,72,False,True,0.5528418714746295,0.0417077973972879,,Pakistan,Ukraine,-0.0833333333333333,False,True,False,True,Medium,False,False,False,False,False,False
China_vs_Pakistan,country,Contradiction: Sequence of events,0.0277777777777777,0.0555555555555555,,72,72,72,72,False,False,0.5528418714746295,0.1786043719055632,,China,Pakistan,0.0277777777777777,False,False,False,False,Small,False,False,False,False,False,False
Syria_vs_Pakistan,country,Contradiction: Sequence of events,0.0694444444444444,0.0277777777777777,,72,72,72,72,False,False,0.2037411559733284,0.4180000867444979,,Syria,Pakistan,-0.0416666666666666,False,False,False,False,Small,False,False,False,False,False,False
Syria_vs_Nigeria,country,Contradiction: Sequence of events,-0.0694444444444444,-0.0138888888888888,,72,72,72,72,False,False,0.2947330320367105,0.7320222146647428,,Syria,Nigeria,0.0555555555555555,False,False,False,False,Medium,False,False,False,False,False,False
Pakistan_vs_Nigeria,country,Contradiction: Sequence of events,-0.1388888888888889,-0.0416666666666666,,72,72,72,72,True,False,0.041866631549706,0.2705544880294472,,Pakistan,Nigeria,0.0972222222222222,True,False,False,True,Medium,False,False,False,False,False,False
Ukraine_vs_Syria,country,Contradiction: Sequence of events,-0.0416666666666666,0.0833333333333333,,72,72,72,72,False,False,0.4501391498608535,0.1267528914540752,,Ukraine,Syria,0.125,False,False,False,False,Large,False,False,False,False,False,False
Pakistan_vs_Syria,country,Contradiction: Sequence of events,-0.0694444444444444,-0.0277777777777777,,72,72,72,72,False,False,0.2037411559733284,0.4180000867444979,,Pakistan,Syria,0.0416666666666666,False,False,False,False,Small,False,False,False,False,False,False
China_vs_Syria,country,Contradiction: Sequence of events,-0.0416666666666666,0.0277777777777777,,72,72,72,72,False,False,0.4501391498608535,0.5198977982115414,,China,Syria,0.0694444444444444,False,False,False,False,Medium,False,False,False,False,False,False
Myanmar_vs_China,country,Contradiction: Sequence of events,0.0972222222222222,0.1111111111111111,,72,72,72,72,False,False,0.1335312974806375,0.0881989272040331,,Myanmar,China,0.0138888888888888,False,False,False,False,Small,False,False,False,False,False,False
China_vs_Nigeria,country,Contradiction: Sequence of events,-0.1111111111111111,0.0138888888888888,,72,72,72,72,False,False,0.0988142507679956,0.7547786092865876,,China,Nigeria,0.125,False,False,False,False,Large,False,False,False,False,False,False
Nigeria_vs_Ukraine,country,Contradiction: Sequence of events,0.1111111111111111,-0.0694444444444444,,72,72,72,72,False,False,0.0988142507679956,0.2037411559733284,,Nigeria,Ukraine,-0.1805555555555555,False,False,False,False,Large,False,False,False,False,False,False
Myanmar_vs_Syria,country,Contradiction: Sequence of events,0.0555555555555555,0.1388888888888889,,72,72,72,72,False,True,0.3870396689823896,0.0352394234040625,,Myanmar,Syria,0.0833333333333333,False,True,False,True,Medium,False,False,False,False,False,False
Pakistan_vs_Myanmar,country,Contradiction: Sequence of events,-0.125,-0.1666666666666666,,72,72,72,72,True,True,0.0565879143501093,0.0123911358664623,,Pakistan,Myanmar,-0.0416666666666666,True,True,True,False,Small,False,False,False,False,False,False
Nigeria_vs_China,country,Contradiction: Sequence of events,0.1111111111111111,-0.0138888888888888,,72,72,72,72,False,False,0.0988142507679956,0.7547786092865876,,Nigeria,China,-0.125,False,False,False,False,Large,False,False,False,False,False,False
Nigeria_vs_Syria,country,Contradiction: Sequence of events,0.0694444444444444,0.0138888888888888,,72,72,72,72,False,False,0.2947330320367105,0.7320222146647428,,Nigeria,Syria,-0.0555555555555555,False,False,False,False,Medium,False,False,False,False,False,False
Ukraine_vs_Pakistan,country,Contradiction: Sequence of events,0.0277777777777777,0.1111111111111111,,72,72,72,72,False,True,0.5528418714746295,0.0417077973972879,,Ukraine,Pakistan,0.0833333333333333,False,True,False,True,Medium,False,False,False,False,False,False
25_vs_12,age,Asylum seeker circumstances,-0.0833333333333333,-0.298611111111111,,144,144,144,144,False,True,0.092374901857698,0.0002824626711306,,25,12,-0.2152777777777777,False,True,False,True,Very Large,False,True,False,True,False,True
12_vs_40,age,Asylum seeker circumstances,0.125,0.2847222222222222,,144,144,144,144,True,True,0.0163958845327178,0.0004019816469289,,12,40,0.1597222222222222,True,True,True,False,Large,False,True,False,True,False,True
40_vs_70,age,Asylum seeker circumstances,-0.0902777777777777,-0.0833333333333333,,144,144,144,144,True,False,0.0505082529474214,0.1798365294890085,,40,70,0.0069444444444444,True,False,False,True,Small,False,False,False,False,False,False
40_vs_12,age,Asylum seeker circumstances,-0.125,-0.2847222222222222,,144,144,144,144,True,True,0.0163958845327178,0.0004019816469289,,40,12,-0.1597222222222222,True,True,True,False,Large,False,True,False,True,False,True
12_vs_70,age,Asylum seeker circumstances,0.0347222222222222,0.2013888888888888,,144,144,144,144,False,True,0.4643301245418714,0.0035680124883263,,12,70,0.1666666666666666,False,True,False,True,Large,False,True,False,True,False,True
70_vs_12,age,Asylum seeker circumstances,-0.0347222222222222,-0.2013888888888888,,144,144,144,144,False,True,0.4643301245418714,0.0035680124883263,,70,12,-0.1666666666666666,False,True,False,True,Large,False,True,False,True,False,True
70_vs_25,age,Asylum seeker circumstances,0.0486111111111111,0.0972222222222222,,144,144,144,144,False,False,0.2724708740823494,0.1268998657748135,,70,25,0.0486111111111111,False,False,False,False,Small,False,False,False,False,False,False
70_vs_40,age,Asylum seeker circumstances,0.0902777777777777,0.0833333333333333,,144,144,144,144,True,False,0.0505082529474214,0.1798365294890085,,70,40,-0.0069444444444444,True,False,False,True,Small,False,False,False,False,False,False
40_vs_25,age,Asylum seeker circumstances,-0.0416666666666666,0.0138888888888888,,144,144,144,144,False,False,0.2724708740823494,0.8126880815793098,,40,25,0.0555555555555555,False,False,False,False,Medium,False,False,False,False,False,False
25_vs_40,age,Asylum seeker circumstances,0.0416666666666666,-0.0138888888888888,,144,144,144,144,False,False,0.2724708740823494,0.8126880815793098,,25,40,-0.0555555555555555,False,False,False,False,Medium,False,False,False,False,False,False
12_vs_25,age,Asylum seeker circumstances,0.0833333333333333,0.298611111111111,,144,144,144,144,False,True,0.092374901857698,0.0002824626711306,,12,25,0.2152777777777777,False,True,False,True,Very Large,False,True,False,True,False,True
25_vs_70,age,Asylum seeker circumstances,-0.0486111111111111,-0.0972222222222222,,144,144,144,144,False,False,0.2724708740823494,0.1268998657748135,,25,70,-0.0486111111111111,False,False,False,False,Small,False,False,False,False,False,False
25_vs_12,age,Nature of persecution,0.0129629629629629,0.0981481481481481,0.074891576066611,1080,1080,1080,1080,False,True,0.3775062254928789,9.240849013991692e-06,1080.0,25,12,0.0851851851851851,False,True,False,True,Medium,False,True,False,True,False,True
12_vs_40,age,Nature of persecution,0.0157407407407407,-0.0824074074074073,-0.0611002150716482,1080,1080,1080,1080,False,True,0.3115001280218181,9.407117564053102e-05,1080.0,12,40,-0.0981481481481481,False,True,False,True,Medium,False,True,False,True,False,True
40_vs_70,age,Nature of persecution,-0.0231481481481481,0.037037037037037,0.0296495154237493,1080,1080,1080,1080,False,True,0.1497486151290528,0.0134585556682114,1080.0,40,70,0.0601851851851852,False,True,False,True,Medium,False,False,False,False,False,False
40_vs_12,age,Nature of persecution,-0.0157407407407407,0.0824074074074073,0.0611002150716482,1080,1080,1080,1080,False,True,0.3115001280218181,9.407117564053102e-05,1080.0,40,12,0.0981481481481481,False,True,False,True,Medium,False,True,False,True,False,True
12_vs_70,age,Nature of persecution,-0.0074074074074074,-0.0453703703703702,-0.0314506996478988,1080,1080,1080,1080,False,True,0.609256245640315,0.0119799343940791,1080.0,12,70,-0.0379629629629628,False,True,False,True,Small,False,False,False,False,False,False
70_vs_12,age,Nature of persecution,0.0074074074074074,0.0453703703703702,0.0314506996478988,1080,1080,1080,1080,False,True,0.609256245640315,0.0119799343940791,1080.0,70,12,0.0379629629629628,False,True,False,True,Small,False,False,False,False,False,False
70_vs_25,age,Nature of persecution,-0.0055555555555555,-0.0527777777777778,-0.0434408764187121,1080,1080,1080,1080,False,True,0.6936077232048272,0.0011602924156512,1080.0,70,25,-0.0472222222222222,False,True,False,True,Small,False,True,False,True,False,True
70_vs_40,age,Nature of persecution,0.0231481481481481,-0.037037037037037,-0.0296495154237493,1080,1080,1080,1080,False,True,0.1497486151290528,0.0134585556682114,1080.0,70,40,-0.0601851851851852,False,True,False,True,Medium,False,False,False,False,False,False
40_vs_25,age,Nature of persecution,-0.0287037037037036,-0.0157407407407407,-0.0137913609949628,1080,1080,1080,1080,True,False,0.0825689414921839,0.1464316151508,1080.0,40,25,0.0129629629629629,True,False,False,True,Small,False,False,False,False,False,False
25_vs_40,age,Nature of persecution,0.0287037037037036,0.0157407407407407,0.0137913609949628,1080,1080,1080,1080,True,False,0.0825689414921839,0.1464316151508,1080.0,25,40,-0.0129629629629629,True,False,False,True,Small,False,False,False,False,False,False
12_vs_25,age,Nature of persecution,-0.0129629629629629,-0.0981481481481481,-0.074891576066611,1080,1080,1080,1080,False,True,0.3775062254928789,9.240849013991692e-06,1080.0,12,25,-0.0851851851851851,False,True,False,True,Medium,False,True,False,True,False,True
25_vs_70,age,Nature of persecution,0.0055555555555555,0.0527777777777778,0.0434408764187121,1080,1080,1080,1080,False,True,0.6936077232048272,0.0011602924156512,1080.0,25,70,0.0472222222222222,False,True,False,True,Small,False,True,False,True,False,True
25_vs_12,age,Non-Refoulement - Interception at Sea,-0.0277777777777777,-0.0208333333333333,,144,144,144,144,False,False,0.3243772762194172,0.2760406154520129,,25,12,0.0069444444444444,False,False,False,False,Small,False,False,False,False,False,False
12_vs_40,age,Non-Refoulement - Interception at Sea,0.0208333333333333,0.0416666666666667,,144,144,144,144,False,False,0.4386577842590649,0.0877340562194461,,12,40,0.0208333333333333,False,False,False,False,Small,False,False,False,False,False,False
40_vs_70,age,Non-Refoulement - Interception at Sea,-0.0208333333333333,-0.0555555555555555,,144,144,144,144,False,True,0.4386577842590649,0.0203510685948062,,40,70,-0.0347222222222222,False,True,False,True,Small,False,False,False,False,False,False
40_vs_12,age,Non-Refoulement - Interception at Sea,-0.0208333333333333,-0.0416666666666667,,144,144,144,144,False,False,0.4386577842590649,0.0877340562194461,,40,12,-0.0208333333333333,False,False,False,False,Small,False,False,False,False,False,False
12_vs_70,age,Non-Refoulement - Interception at Sea,0.0,-0.0138888888888888,,144,144,144,144,False,False,1.0,0.1881890083471225,,12,70,-0.0138888888888888,False,False,False,False,Small,False,False,False,False,False,False
70_vs_12,age,Non-Refoulement - Interception at Sea,0.0,0.0138888888888888,,144,144,144,144,False,False,1.0,0.1881890083471225,,70,12,0.0138888888888888,False,False,False,False,Small,False,False,False,False,False,False
70_vs_25,age,Non-Refoulement - Interception at Sea,0.0277777777777777,0.0347222222222222,,144,144,144,144,False,True,0.3243772762194172,0.0532130531640446,,70,25,0.0069444444444444,False,True,False,True,Small,False,False,False,False,False,False
70_vs_40,age,Non-Refoulement - Interception at Sea,0.0208333333333333,0.0555555555555555,,144,144,144,144,False,True,0.4386577842590649,0.0203510685948062,,70,40,0.0347222222222222,False,True,False,True,Small,False,False,False,False,False,False
40_vs_25,age,Non-Refoulement - Interception at Sea,0.0069444444444444,-0.0208333333333333,,144,144,144,144,False,False,0.8128312833750186,0.4088769178819589,,40,25,-0.0277777777777777,False,False,False,False,Small,False,False,False,False,False,False
25_vs_40,age,Non-Refoulement - Interception at Sea,-0.0069444444444444,0.0208333333333333,,144,144,144,144,False,False,0.8128312833750186,0.4088769178819589,,25,40,0.0277777777777777,False,False,False,False,Small,False,False,False,False,False,False
12_vs_25,age,Non-Refoulement - Interception at Sea,0.0277777777777777,0.0208333333333333,,144,144,144,144,False,False,0.3243772762194172,0.2760406154520129,,12,25,-0.0069444444444444,False,False,False,False,Small,False,False,False,False,False,False
25_vs_70,age,Non-Refoulement - Interception at Sea,-0.0277777777777777,-0.0347222222222222,,144,144,144,144,False,True,0.3243772762194172,0.0532130531640446,,25,70,-0.0069444444444444,False,True,False,True,Small,False,False,False,False,False,False
25_vs_12,age,Activist Persecution Ground,-0.0231481481481481,-0.1458333333333333,-0.1435483870967742,432,432,432,432,False,True,0.4552905183855538,0.0016546263097012,432.0,25,12,-0.1226851851851852,False,True,False,True,Large,False,True,False,True,False,True
12_vs_40,age,Activist Persecution Ground,0.0439814814814814,0.1527777777777778,0.1742524916943522,432,432,432,432,False,True,0.1832086313027925,0.0011628368067051,432.0,12,40,0.1087962962962963,False,True,False,True,Large,False,True,False,True,False,True
40_vs_70,age,Activist Persecution Ground,0.0717592592592593,0.099537037037037,0.1127845453426848,432,432,432,432,True,True,0.055575617489509,0.0082421197269766,432.0,40,70,0.0277777777777777,True,True,True,False,Small,False,False,False,False,False,False
40_vs_12,age,Activist Persecution Ground,-0.0439814814814814,-0.1527777777777778,-0.1742524916943522,432,432,432,432,False,True,0.1832086313027925,0.0011628368067051,432.0,40,12,-0.1087962962962963,False,True,False,True,Large,False,True,False,True,False,True
12_vs_70,age,Activist Persecution Ground,0.1157407407407407,0.2523148148148148,0.287037037037037,432,432,432,432,True,True,0.0058411537085563,5.782297235246148e-06,432.0,12,70,0.1365740740740741,True,True,True,False,Large,False,True,False,True,False,True
70_vs_12,age,Activist Persecution Ground,-0.1157407407407407,-0.2523148148148148,-0.287037037037037,432,432,432,432,True,True,0.0058411537085563,5.782297235246148e-06,432.0,70,12,-0.1365740740740741,True,True,True,False,Large,False,True,False,True,False,True
70_vs_25,age,Activist Persecution Ground,-0.0925925925925925,-0.1064814814814814,-0.1434886499402628,432,432,432,432,True,True,0.0194575273482038,0.005793945171854,432.0,70,25,-0.0138888888888888,True,True,True,False,Small,False,False,False,False,False,False
70_vs_40,age,Activist Persecution Ground,-0.0717592592592593,-0.099537037037037,-0.1127845453426848,432,432,432,432,True,True,0.055575617489509,0.0082421197269766,432.0,70,40,-0.0277777777777777,True,True,True,False,Small,False,False,False,False,False,False
40_vs_25,age,Activist Persecution Ground,-0.0208333333333332,-0.0069444444444444,-0.0307041045975779,432,432,432,432,False,False,0.5093948928934782,0.8225287086564892,432.0,40,25,0.0138888888888888,False,False,False,False,Small,False,False,False,False,False,False
25_vs_40,age,Activist Persecution Ground,0.0208333333333332,0.0069444444444444,0.0307041045975779,432,432,432,432,False,False,0.5093948928934782,0.8225287086564892,432.0,25,40,-0.0138888888888888,False,False,False,False,Small,False,False,False,False,False,False
12_vs_25,age,Activist Persecution Ground,0.0231481481481481,0.1458333333333333,0.1435483870967742,432,432,432,432,False,True,0.4552905183855538,0.0016546263097012,432.0,12,25,0.1226851851851852,False,True,False,True,Large,False,True,False,True,False,True
25_vs_70,age,Activist Persecution Ground,0.0925925925925925,0.1064814814814814,0.1434886499402628,432,432,432,432,True,True,0.0194575273482038,0.005793945171854,432.0,25,70,0.0138888888888888,True,True,True,False,Small,False,False,False,False,False,False
25_vs_12,age,3rd safe country - Country safety definition,-0.0763888888888888,-0.2083333333333332,,144,144,144,144,True,True,0.0305293210419472,0.0022578262495236,,25,12,-0.1319444444444444,True,True,True,False,Large,False,True,False,True,False,True
12_vs_40,age,3rd safe country - Country safety definition,0.1458333333333333,0.3333333333333332,,144,144,144,144,True,True,0.0028221049035992,9.06557632296412e-05,,12,40,0.1874999999999999,True,True,True,False,Large,True,True,True,False,False,True
40_vs_70,age,3rd safe country - Country safety definition,-0.1180555555555555,-0.048611111111111,,144,144,144,144,True,False,0.0131398079523683,0.4180976818134212,,40,70,0.0694444444444445,True,False,False,True,Medium,False,False,False,False,False,False
40_vs_12,age,3rd safe country - Country safety definition,-0.1458333333333333,-0.3333333333333332,,144,144,144,144,True,True,0.0028221049035992,9.06557632296412e-05,,40,12,-0.1874999999999999,True,True,True,False,Large,True,True,True,False,False,True
12_vs_70,age,3rd safe country - Country safety definition,0.0277777777777777,0.2847222222222222,,144,144,144,144,False,True,0.2642574957055483,0.000306049935463,,12,70,0.2569444444444444,False,True,False,True,Very Large,False,True,False,True,False,True
70_vs_12,age,3rd safe country - Country safety definition,-0.0277777777777777,-0.2847222222222222,,144,144,144,144,False,True,0.2642574957055483,0.000306049935463,,70,12,-0.2569444444444444,False,True,False,True,Very Large,False,True,False,True,False,True
70_vs_25,age,3rd safe country - Country safety definition,0.048611111111111,-0.0763888888888889,,144,144,144,144,False,False,0.1621006596678573,0.2088472133243475,,70,25,-0.125,False,False,False,False,Large,False,False,False,False,False,False
70_vs_40,age,3rd safe country - Country safety definition,0.1180555555555555,0.048611111111111,,144,144,144,144,True,False,0.0131398079523683,0.4180976818134212,,70,40,-0.0694444444444445,True,False,False,True,Medium,False,False,False,False,False,False
40_vs_25,age,3rd safe country - Country safety definition,-0.0694444444444445,-0.125,,144,144,144,144,False,True,0.123722037254883,0.0602419257481541,,40,25,-0.0555555555555554,False,True,False,True,Medium,False,False,False,False,False,False
25_vs_40,age,3rd safe country - Country safety definition,0.0694444444444445,0.125,,144,144,144,144,False,True,0.123722037254883,0.0602419257481541,,25,40,0.0555555555555554,False,True,False,True,Medium,False,False,False,False,False,False
12_vs_25,age,3rd safe country - Country safety definition,0.0763888888888888,0.2083333333333332,,144,144,144,144,True,True,0.0305293210419472,0.0022578262495236,,12,25,0.1319444444444444,True,True,True,False,Large,False,True,False,True,False,True
25_vs_70,age,3rd safe country - Country safety definition,-0.048611111111111,0.0763888888888889,,144,144,144,144,False,False,0.1621006596678573,0.2088472133243475,,25,70,0.125,False,False,False,False,Large,False,False,False,False,False,False
25_vs_12,age,Firm settlement,-0.1934156378600823,0.0,,972,972,972,972,True,False,0.0,,,25,12,0.1934156378600823,True,False,False,True,Large,True,False,False,False,True,True
12_vs_40,age,Firm settlement,0.2510288065843621,0.0,,972,972,972,972,True,False,0.0,,,12,40,-0.2510288065843621,True,False,False,True,Very Large,True,False,False,False,True,True
40_vs_70,age,Firm settlement,-0.0421810699588477,0.0,0.0,972,972,972,972,True,False,0.064767774445037,,972.0,40,70,0.0421810699588477,True,False,False,True,Small,False,False,False,False,False,False
40_vs_12,age,Firm settlement,-0.2510288065843621,0.0,,972,972,972,972,True,False,0.0,,,40,12,0.2510288065843621,True,False,False,True,Very Large,True,False,False,False,True,True
12_vs_70,age,Firm settlement,0.2088477366255143,0.0,,972,972,972,972,True,False,0.0,,,12,70,-0.2088477366255143,True,False,False,True,Very Large,True,False,False,False,True,True
70_vs_12,age,Firm settlement,-0.2088477366255143,0.0,,972,972,972,972,True,False,0.0,,,70,12,0.2088477366255143,True,False,False,True,Very Large,True,False,False,False,True,True
70_vs_25,age,Firm settlement,-0.015432098765432,0.0,-0.0,972,972,972,972,False,False,0.4302695883262566,,972.0,70,25,0.015432098765432,False,False,False,False,Small,False,False,False,False,False,False
70_vs_40,age,Firm settlement,0.0421810699588477,0.0,-0.0,972,972,972,972,True,False,0.064767774445037,,972.0,70,40,-0.0421810699588477,True,False,False,True,Small,False,False,False,False,False,False
40_vs_25,age,Firm settlement,-0.0576131687242797,0.0,-0.0,972,972,972,972,True,False,0.0182579465140872,,972.0,40,25,0.0576131687242797,True,False,False,True,Medium,False,False,False,False,False,False
25_vs_40,age,Firm settlement,0.0576131687242797,0.0,0.0,972,972,972,972,True,False,0.0182579465140872,,972.0,25,40,-0.0576131687242797,True,False,False,True,Medium,False,False,False,False,False,False
12_vs_25,age,Firm settlement,0.1934156378600823,0.0,,972,972,972,972,True,False,0.0,,,12,25,-0.1934156378600823,True,False,False,True,Large,True,False,False,False,True,True
25_vs_70,age,Firm settlement,0.015432098765432,0.0,0.0,972,972,972,972,False,False,0.4302695883262566,,972.0,25,70,-0.015432098765432,False,False,False,False,Small,False,False,False,False,False,False
25_vs_12,age,Assimilation Potential,-0.0444444444444444,0.0092592592592591,,540,540,540,540,True,False,0.0069755229472856,0.5509139191884767,,25,12,0.0537037037037035,True,False,False,True,Medium,False,False,False,False,False,False
12_vs_40,age,Assimilation Potential,0.0611111111111111,0.0055555555555555,,540,540,540,540,True,False,0.0015425050113724,0.730306157264976,,12,40,-0.0555555555555555,True,False,False,True,Medium,True,False,False,False,True,True
40_vs_70,age,Assimilation Potential,-0.0537037037037037,-0.0574074074074073,,540,540,540,540,True,True,0.0044758169549781,0.0018809250844502,,40,70,-0.0037037037037036,True,True,True,False,Small,True,True,True,False,False,True
40_vs_12,age,Assimilation Potential,-0.0611111111111111,-0.0055555555555555,,540,540,540,540,True,False,0.0015425050113724,0.730306157264976,,40,12,0.0555555555555555,True,False,False,True,Medium,True,False,False,False,True,True
12_vs_70,age,Assimilation Potential,0.0074074074074074,-0.0518518518518518,,540,540,540,540,False,True,0.4550864214082195,0.0030921831678591,,12,70,-0.0592592592592592,False,True,False,True,Medium,False,True,False,True,False,True
70_vs_12,age,Assimilation Potential,-0.0074074074074074,0.0518518518518518,,540,540,540,540,False,True,0.4550864214082195,0.0030921831678591,,70,12,0.0592592592592592,False,True,False,True,Medium,False,True,False,True,False,True
70_vs_25,age,Assimilation Potential,0.0370370370370369,0.0425925925925926,,540,540,540,540,True,True,0.0211962258332287,0.0074497505245898,,70,25,0.0055555555555556,True,True,True,False,Small,False,False,False,False,False,False
70_vs_40,age,Assimilation Potential,0.0537037037037037,0.0574074074074073,,540,540,540,540,True,True,0.0044758169549781,0.0018809250844502,,70,40,0.0037037037037036,True,True,True,False,Small,True,True,True,False,False,True
40_vs_25,age,Assimilation Potential,-0.0166666666666667,-0.0148148148148147,-0.017099567099567,540,540,540,540,False,False,0.3197383697190601,0.3592789773871858,540.0,40,25,0.0018518518518519,False,False,False,False,Small,False,False,False,False,False,False
25_vs_40,age,Assimilation Potential,0.0166666666666667,0.0148148148148147,0.017099567099567,540,540,540,540,False,False,0.3197383697190601,0.3592789773871858,540.0,25,40,-0.0018518518518519,False,False,False,False,Small,False,False,False,False,False,False
12_vs_25,age,Assimilation Potential,0.0444444444444444,-0.0092592592592591,,540,540,540,540,True,False,0.0069755229472856,0.5509139191884767,,12,25,-0.0537037037037035,True,False,False,True,Medium,False,False,False,False,False,False
25_vs_70,age,Assimilation Potential,-0.0370370370370369,-0.0425925925925926,,540,540,540,540,True,True,0.0211962258332287,0.0074497505245898,,25,70,-0.0055555555555556,True,True,True,False,Small,False,False,False,False,False,False
25_vs_32,age,Financial stability,-0.0092592592592591,0.0092592592592593,-0.0138738738738739,108,108,108,108,False,False,0.8831715172478971,0.8010761686226209,108.0,25,32,0.0185185185185184,False,False,False,False,Small,False,False,False,False,False,False
32_vs_40,age,Financial stability,-0.0277777777777777,0.0185185185185184,0.0246153846153847,108,108,108,108,False,False,0.6562657746785818,0.6420017165316343,108.0,32,40,0.0462962962962962,False,False,False,False,Small,False,False,False,False,False,False
25_vs_18,age,Financial stability,-0.0277777777777776,-0.0555555555555555,-0.0145665145665145,108,108,108,108,False,False,0.6591148134610942,0.0861833743341473,108.0,25,18,-0.0277777777777779,False,False,False,False,Small,False,False,False,False,False,False
18_vs_40,age,Financial stability,-0.0092592592592593,0.0833333333333333,0.0253080253080253,108,108,108,108,False,True,0.8799843498005377,0.0323225228338817,108.0,18,40,0.0925925925925926,False,True,False,True,Medium,False,False,False,False,False,False
40_vs_25,age,Financial stability,0.0370370370370369,-0.0277777777777777,-0.0107415107415107,108,108,108,108,False,False,0.5573106195907047,0.4809680734237793,108.0,40,25,-0.0648148148148147,False,False,False,False,Medium,False,False,False,False,False,False
40_vs_32,age,Financial stability,0.0277777777777777,-0.0185185185185184,-0.0246153846153847,108,108,108,108,False,False,0.6562657746785818,0.6420017165316343,108.0,40,32,-0.0462962962962962,False,False,False,False,Small,False,False,False,False,False,False
18_vs_25,age,Financial stability,0.0277777777777776,0.0555555555555555,0.0145665145665145,108,108,108,108,False,False,0.6591148134610942,0.0861833743341473,108.0,18,25,0.0277777777777779,False,False,False,False,Small,False,False,False,False,False,False
25_vs_40,age,Financial stability,-0.0370370370370369,0.0277777777777777,0.0107415107415107,108,108,108,108,False,False,0.5573106195907047,0.4809680734237793,108.0,25,40,0.0648148148148147,False,False,False,False,Medium,False,False,False,False,False,False
40_vs_18,age,Financial stability,0.0092592592592593,-0.0833333333333333,-0.0253080253080253,108,108,108,108,False,True,0.8799843498005377,0.0323225228338817,108.0,40,18,-0.0925925925925926,False,True,False,True,Medium,False,False,False,False,False,False
32_vs_18,age,Financial stability,-0.0185185185185184,-0.0648148148148148,-0.0006926406926406,108,108,108,108,False,True,0.766597138144067,0.0611110504519634,108.0,32,18,-0.0462962962962963,False,True,False,True,Small,False,False,False,False,False,False
32_vs_25,age,Financial stability,0.0092592592592591,-0.0092592592592593,0.0138738738738739,108,108,108,108,False,False,0.8831715172478971,0.8010761686226209,108.0,32,25,-0.0185185185185184,False,False,False,False,Small,False,False,False,False,False,False
18_vs_32,age,Financial stability,0.0185185185185184,0.0648148148148148,0.0006926406926406,108,108,108,108,False,True,0.766597138144067,0.0611110504519634,108.0,18,32,0.0462962962962963,False,True,False,True,Small,False,False,False,False,False,False
25_vs_32,age,Intentions regarding work in the UK,0.0231481481481481,0.0393518518518518,0.0491180196861904,432,432,432,432,False,False,0.4263658657055851,0.2431707725913359,432.0,25,32,0.0162037037037037,False,False,False,False,Small,False,False,False,False,False,False
32_vs_40,age,Intentions regarding work in the UK,0.0231481481481481,-0.0208333333333333,-0.0537406706760407,432,432,432,432,False,False,0.441383658592084,0.5226008347415112,432.0,32,40,-0.0439814814814815,False,False,False,False,Small,False,False,False,False,False,False
25_vs_18,age,Intentions regarding work in the UK,0.0439814814814815,0.0138888888888888,0.00400721298337,432,432,432,432,False,False,0.1601503939469983,0.6611233387728479,432.0,25,18,-0.0300925925925926,False,False,False,False,Small,False,False,False,False,False,False
18_vs_40,age,Intentions regarding work in the UK,0.0023148148148147,0.0046296296296296,-0.0086298639732202,432,432,432,432,False,False,0.9378651188011256,0.8838653927065903,432.0,18,40,0.0023148148148148,False,False,False,False,Small,False,False,False,False,False,False
40_vs_25,age,Intentions regarding work in the UK,-0.0462962962962962,-0.0185185185185184,0.0046226509898502,432,432,432,432,False,False,0.142799604367519,0.5622390221213525,432.0,40,25,0.0277777777777777,False,False,False,False,Small,False,False,False,False,False,False
40_vs_32,age,Intentions regarding work in the UK,-0.0231481481481481,0.0208333333333333,0.0537406706760407,432,432,432,432,False,False,0.441383658592084,0.5226008347415112,432.0,40,32,0.0439814814814815,False,False,False,False,Small,False,False,False,False,False,False
18_vs_25,age,Intentions regarding work in the UK,-0.0439814814814815,-0.0138888888888888,-0.00400721298337,432,432,432,432,False,False,0.1601503939469983,0.6611233387728479,432.0,18,25,0.0300925925925926,False,False,False,False,Small,False,False,False,False,False,False
25_vs_40,age,Intentions regarding work in the UK,0.0462962962962962,0.0185185185185184,-0.0046226509898502,432,432,432,432,False,False,0.142799604367519,0.5622390221213525,432.0,25,40,-0.0277777777777777,False,False,False,False,Small,False,False,False,False,False,False
40_vs_18,age,Intentions regarding work in the UK,-0.0023148148148147,-0.0046296296296296,0.0086298639732202,432,432,432,432,False,False,0.9378651188011256,0.8838653927065903,432.0,40,18,-0.0023148148148148,False,False,False,False,Small,False,False,False,False,False,False
32_vs_18,age,Intentions regarding work in the UK,0.0208333333333333,-0.025462962962963,-0.0451108067028204,432,432,432,432,False,False,0.4856361510279439,0.4376786825551479,432.0,32,18,-0.0462962962962963,False,False,False,False,Small,False,False,False,False,False,False
32_vs_25,age,Intentions regarding work in the UK,-0.0231481481481481,-0.0393518518518518,-0.0491180196861904,432,432,432,432,False,False,0.4263658657055851,0.2431707725913359,432.0,32,25,-0.0162037037037037,False,False,False,False,Small,False,False,False,False,False,False
18_vs_32,age,Intentions regarding work in the UK,-0.0208333333333333,0.025462962962963,0.0451108067028204,432,432,432,432,False,False,0.4856361510279439,0.4376786825551479,432.0,18,32,0.0462962962962963,False,False,False,False,Small,False,False,False,False,False,False
25_vs_32,age,Intentions regarding education in the UK,0.0578703703703704,0.0,-0.0105721393034825,432,432,432,432,True,False,0.0632534384343959,1.0,432.0,25,32,-0.0578703703703704,True,False,False,True,Medium,False,False,False,False,False,False
32_vs_40,age,Intentions regarding education in the UK,0.0162037037037036,-0.0069444444444444,0.0010192937750272,432,432,432,432,False,False,0.5783329039474845,0.6782918791913386,432.0,32,40,-0.023148148148148,False,False,False,False,Small,False,False,False,False,False,False
25_vs_18,age,Intentions regarding education in the UK,0.1226851851851852,-0.0069444444444444,-0.0257600434310532,432,432,432,432,True,False,0.0020995131722032,0.6782918791913386,432.0,25,18,-0.1296296296296296,True,False,False,True,Large,True,False,False,False,True,True
18_vs_40,age,Intentions regarding education in the UK,-0.0486111111111111,0.0,0.0162071979025979,432,432,432,432,False,False,0.1404677438694155,1.0,432.0,18,40,0.0486111111111111,False,False,False,False,Small,False,False,False,False,False,False
40_vs_25,age,Intentions regarding education in the UK,-0.074074074074074,0.0069444444444444,0.0095528455284552,432,432,432,432,True,False,0.026420453254655,0.6782918791913386,432.0,40,25,0.0810185185185184,True,False,False,True,Medium,False,False,False,False,False,False
40_vs_32,age,Intentions regarding education in the UK,-0.0162037037037036,0.0069444444444444,-0.0010192937750272,432,432,432,432,False,False,0.5783329039474845,0.6782918791913386,432.0,40,32,0.023148148148148,False,False,False,False,Small,False,False,False,False,False,False
18_vs_25,age,Intentions regarding education in the UK,-0.1226851851851852,0.0069444444444444,0.0257600434310532,432,432,432,432,True,False,0.0020995131722032,0.6782918791913386,432.0,18,25,0.1296296296296296,True,False,False,True,Large,True,False,False,False,True,True
25_vs_40,age,Intentions regarding education in the UK,0.074074074074074,-0.0069444444444444,-0.0095528455284552,432,432,432,432,True,False,0.026420453254655,0.6782918791913386,432.0,25,40,-0.0810185185185184,True,False,False,True,Medium,False,False,False,False,False,False
40_vs_18,age,Intentions regarding education in the UK,0.0486111111111111,0.0,-0.0162071979025979,432,432,432,432,False,False,0.1404677438694155,1.0,432.0,40,18,-0.0486111111111111,False,False,False,False,Small,False,False,False,False,False,False
32_vs_18,age,Intentions regarding education in the UK,0.0648148148148147,-0.0069444444444444,-0.0151879041275706,432,432,432,432,True,False,0.0598376370672695,0.6782918791913386,432.0,32,18,-0.0717592592592591,True,False,False,True,Medium,False,False,False,False,False,False
32_vs_25,age,Intentions regarding education in the UK,-0.0578703703703704,0.0,0.0105721393034825,432,432,432,432,True,False,0.0632534384343959,1.0,432.0,32,25,0.0578703703703704,True,False,False,True,Medium,False,False,False,False,False,False
18_vs_32,age,Intentions regarding education in the UK,-0.0648148148148147,0.0069444444444444,0.0151879041275706,432,432,432,432,True,False,0.0598376370672695,0.6782918791913386,432.0,18,32,0.0717592592592591,True,False,False,True,Medium,False,False,False,False,False,False
25_vs_12,age,PSG (particular social group),0.0133744855967078,0.0030864197530864,0.0043252317783722,972,972,972,972,False,False,0.1599016007036422,0.4750840202809079,972.0,25,12,-0.0102880658436214,False,False,False,False,Small,False,False,False,False,False,False
12_vs_40,age,PSG (particular social group),-0.0092592592592593,-0.0020576131687243,-0.0053879310344827,972,972,972,972,False,False,0.3222961659023369,0.639135131883376,972.0,12,40,0.0072016460905349,False,False,False,False,Small,False,False,False,False,False,False
40_vs_70,age,PSG (particular social group),0.0010288065843622,-0.0041152263374485,0.0,972,972,972,972,False,False,0.9038286280194968,0.2721337019144094,972.0,40,70,-0.0051440329218107,False,False,False,False,Small,False,False,False,False,False,False
40_vs_12,age,PSG (particular social group),0.0092592592592593,0.0020576131687243,0.0053879310344827,972,972,972,972,False,False,0.3222961659023369,0.639135131883376,972.0,40,12,-0.0072016460905349,False,False,False,False,Small,False,False,False,False,False,False
12_vs_70,age,PSG (particular social group),-0.008230452674897,-0.0061728395061728,-0.0053879310344827,972,972,972,972,False,False,0.3776674269262252,0.1424281595430412,972.0,12,70,0.0020576131687242,False,False,False,False,Small,False,False,False,False,False,False
70_vs_12,age,PSG (particular social group),0.008230452674897,0.0061728395061728,0.0053879310344827,972,972,972,972,False,False,0.3776674269262252,0.1424281595430412,972.0,70,12,-0.0020576131687242,False,False,False,False,Small,False,False,False,False,False,False
70_vs_25,age,PSG (particular social group),-0.0051440329218107,0.0030864197530864,0.0010626992561104,972,972,972,972,False,False,0.5410281482048029,0.380764396695828,972.0,70,25,0.0082304526748971,False,False,False,False,Small,False,False,False,False,False,False
70_vs_40,age,PSG (particular social group),-0.0010288065843622,0.0041152263374485,-0.0,972,972,972,972,False,False,0.9038286280194968,0.2721337019144094,972.0,70,40,0.0051440329218107,False,False,False,False,Small,False,False,False,False,False,False
40_vs_25,age,PSG (particular social group),-0.0041152263374485,-0.0010288065843621,0.0010626992561104,972,972,972,972,False,False,0.620312269460092,0.7960866203921542,972.0,40,25,0.0030864197530864,False,False,False,False,Small,False,False,False,False,False,False
25_vs_40,age,PSG (particular social group),0.0041152263374485,0.0010288065843621,-0.0010626992561104,972,972,972,972,False,False,0.620312269460092,0.7960866203921542,972.0,25,40,-0.0030864197530864,False,False,False,False,Small,False,False,False,False,False,False
12_vs_25,age,PSG (particular social group),-0.0133744855967078,-0.0030864197530864,-0.0043252317783722,972,972,972,972,False,False,0.1599016007036422,0.4750840202809079,972.0,12,25,0.0102880658436214,False,False,False,False,Small,False,False,False,False,False,False
25_vs_70,age,PSG (particular social group),0.0051440329218107,-0.0030864197530864,-0.0010626992561104,972,972,972,972,False,False,0.5410281482048029,0.380764396695828,972.0,25,70,-0.0082304526748971,False,False,False,False,Small,False,False,False,False,False,False
25_vs_12,age,Disclosure: Political persecution & sexual violence,-0.4444444444444445,-0.1759259259259259,,108,108,108,108,True,True,2.6764976105209115e-05,0.0113447125116723,,25,12,0.2685185185185185,True,True,True,False,Very Large,True,False,False,False,True,True
12_vs_40,age,Disclosure: Political persecution & sexual violence,0.4537037037037037,0.074074074074074,,108,108,108,108,True,False,2.2153865948615348e-05,0.1595899456674023,,12,40,-0.3796296296296296,True,False,False,True,Very Large,True,False,False,False,True,True
40_vs_70,age,Disclosure: Political persecution & sexual violence,-0.1574074074074074,-0.074074074074074,-0.0670995670995671,108,108,108,108,True,False,0.048280316215135,0.1595899456674023,108.0,40,70,0.0833333333333333,True,False,False,True,Medium,False,False,False,False,False,False
40_vs_12,age,Disclosure: Political persecution & sexual violence,-0.4537037037037037,-0.074074074074074,,108,108,108,108,True,False,2.2153865948615348e-05,0.1595899456674023,,40,12,0.3796296296296296,True,False,False,True,Very Large,True,False,False,False,True,True
12_vs_70,age,Disclosure: Political persecution & sexual violence,0.2962962962962963,0.0,,108,108,108,108,True,False,0.0005908086806676,1.0,,12,70,-0.2962962962962963,True,False,False,True,Very Large,True,False,False,False,True,True
70_vs_12,age,Disclosure: Political persecution & sexual violence,-0.2962962962962963,0.0,,108,108,108,108,True,False,0.0005908086806676,1.0,,70,12,0.2962962962962963,True,False,False,True,Very Large,True,False,False,False,True,True
70_vs_25,age,Disclosure: Political persecution & sexual violence,0.1481481481481482,0.1759259259259259,0.1642424242424242,108,108,108,108,True,True,0.0595373178200626,0.0113447125116723,108.0,70,25,0.0277777777777777,True,True,True,False,Small,False,False,False,False,False,False
70_vs_40,age,Disclosure: Political persecution & sexual violence,0.1574074074074074,0.074074074074074,0.0670995670995671,108,108,108,108,True,False,0.048280316215135,0.1595899456674023,108.0,70,40,-0.0833333333333333,True,False,False,True,Medium,False,False,False,False,False,False
40_vs_25,age,Disclosure: Political persecution & sexual violence,-0.0092592592592592,0.1018518518518518,0.097142857142857,108,108,108,108,False,False,0.8914718126402268,0.1133255991181176,108.0,40,25,0.1111111111111111,False,False,False,False,Large,False,False,False,False,False,False
25_vs_40,age,Disclosure: Political persecution & sexual violence,0.0092592592592592,-0.1018518518518518,-0.097142857142857,108,108,108,108,False,False,0.8914718126402268,0.1133255991181176,108.0,25,40,-0.1111111111111111,False,False,False,False,Large,False,False,False,False,False,False
12_vs_25,age,Disclosure: Political persecution & sexual violence,0.4444444444444445,0.1759259259259259,,108,108,108,108,True,True,2.6764976105209115e-05,0.0113447125116723,,12,25,-0.2685185185185185,True,True,True,False,Very Large,True,False,False,False,True,True
25_vs_70,age,Disclosure: Political persecution & sexual violence,-0.1481481481481482,-0.1759259259259259,-0.1642424242424242,108,108,108,108,True,True,0.0595373178200626,0.0113447125116723,108.0,25,70,-0.0277777777777777,True,True,True,False,Small,False,False,False,False,False,False
25_vs_12,age,Disclosure: Religious persecution & mental health,-0.0462962962962962,-0.2407407407407408,,108,108,108,108,False,True,0.1239764827800977,0.0005698135326355,,25,12,-0.1944444444444445,False,True,False,True,Large,False,True,False,True,False,True
12_vs_40,age,Disclosure: Religious persecution & mental health,0.0462962962962962,0.3518518518518518,,108,108,108,108,False,True,0.1239764827800977,5.935303904225364e-05,,12,40,0.3055555555555556,False,True,False,True,Very Large,False,True,False,True,False,True
40_vs_70,age,Disclosure: Religious persecution & mental health,-0.0370370370370369,-0.0185185185185184,,108,108,108,108,False,False,0.2247080194288222,0.7777204174709469,,40,70,0.0185185185185184,False,False,False,False,Small,False,False,False,False,False,False
40_vs_12,age,Disclosure: Religious persecution & mental health,-0.0462962962962962,-0.3518518518518518,,108,108,108,108,False,True,0.1239764827800977,5.935303904225364e-05,,40,12,-0.3055555555555556,False,True,False,True,Very Large,False,True,False,True,False,True
12_vs_70,age,Disclosure: Religious persecution & mental health,0.0092592592592593,0.3333333333333333,,108,108,108,108,False,True,0.6538809274000505,8.528068811508582e-05,,12,70,0.324074074074074,False,True,False,True,Very Large,False,True,False,True,False,True
70_vs_12,age,Disclosure: Religious persecution & mental health,-0.0092592592592593,-0.3333333333333333,,108,108,108,108,False,True,0.6538809274000505,8.528068811508582e-05,,70,12,-0.324074074074074,False,True,False,True,Very Large,False,True,False,True,False,True
70_vs_25,age,Disclosure: Religious persecution & mental health,0.0370370370370369,-0.0925925925925925,,108,108,108,108,False,False,0.2247080194288222,0.1730050187413518,,70,25,-0.1296296296296295,False,False,False,False,Large,False,False,False,False,False,False
70_vs_40,age,Disclosure: Religious persecution & mental health,0.0370370370370369,0.0185185185185184,,108,108,108,108,False,False,0.2247080194288222,0.7777204174709469,,70,40,-0.0185185185185184,False,False,False,False,Small,False,False,False,False,False,False
40_vs_25,age,Disclosure: Religious persecution & mental health,0.0,-0.111111111111111,,108,108,108,108,False,False,1.0,0.1140674728806487,,40,25,-0.111111111111111,False,False,False,False,Large,False,False,False,False,False,False
25_vs_40,age,Disclosure: Religious persecution & mental health,0.0,0.111111111111111,,108,108,108,108,False,False,1.0,0.1140674728806487,,25,40,0.111111111111111,False,False,False,False,Large,False,False,False,False,False,False
12_vs_25,age,Disclosure: Religious persecution & mental health,0.0462962962962962,0.2407407407407408,,108,108,108,108,False,True,0.1239764827800977,0.0005698135326355,,12,25,0.1944444444444445,False,True,False,True,Large,False,True,False,True,False,True
25_vs_70,age,Disclosure: Religious persecution & mental health,-0.0370370370370369,0.0925925925925925,,108,108,108,108,False,False,0.2247080194288222,0.1730050187413518,,25,70,0.1296296296296295,False,False,False,False,Large,False,False,False,False,False,False
25_vs_12,age,Disclosure: Domestic violence & criminal threats,-0.25,0.0,,108,108,108,108,True,False,0.0038886108455404,1.0,,25,12,0.25,True,False,False,True,Very Large,True,False,False,False,True,True
12_vs_40,age,Disclosure: Domestic violence & criminal threats,0.2314814814814815,0.0370370370370369,,108,108,108,108,True,False,0.0059073188157561,0.1328627830480941,,12,40,-0.1944444444444445,True,False,False,True,Large,False,False,False,False,False,False
40_vs_70,age,Disclosure: Domestic violence & criminal threats,-0.212962962962963,-0.0370370370370369,,108,108,108,108,True,False,0.0097735313512763,0.1328627830480941,,40,70,0.175925925925926,True,False,False,True,Large,False,False,False,False,False,False
40_vs_12,age,Disclosure: Domestic violence & criminal threats,-0.2314814814814815,-0.0370370370370369,,108,108,108,108,True,False,0.0059073188157561,0.1328627830480941,,40,12,0.1944444444444445,True,False,False,True,Large,False,False,False,False,False,False
12_vs_70,age,Disclosure: Domestic violence & criminal threats,0.0185185185185184,0.0,,108,108,108,108,False,False,0.7408357847451663,1.0,,12,70,-0.0185185185185184,False,False,False,False,Small,False,False,False,False,False,False
70_vs_12,age,Disclosure: Domestic violence & criminal threats,-0.0185185185185184,0.0,,108,108,108,108,False,False,0.7408357847451663,1.0,,70,12,0.0185185185185184,False,False,False,False,Small,False,False,False,False,False,False
70_vs_25,age,Disclosure: Domestic violence & criminal threats,0.2314814814814815,0.0,,108,108,108,108,True,False,0.0064177532334861,1.0,,70,25,-0.2314814814814815,True,False,False,True,Very Large,False,False,False,False,False,False
70_vs_40,age,Disclosure: Domestic violence & criminal threats,0.212962962962963,0.0370370370370369,,108,108,108,108,True,False,0.0097735313512763,0.1328627830480941,,70,40,-0.175925925925926,True,False,False,True,Large,False,False,False,False,False,False
40_vs_25,age,Disclosure: Domestic violence & criminal threats,0.0185185185185184,-0.0370370370370369,-0.0486246179494304,108,108,108,108,False,False,0.7849028438136285,0.1328627830480941,108.0,40,25,-0.0555555555555554,False,False,False,False,Medium,False,False,False,False,False,False
25_vs_40,age,Disclosure: Domestic violence & criminal threats,-0.0185185185185184,0.0370370370370369,0.0486246179494304,108,108,108,108,False,False,0.7849028438136285,0.1328627830480941,108.0,25,40,0.0555555555555554,False,False,False,False,Medium,False,False,False,False,False,False
12_vs_25,age,Disclosure: Domestic violence & criminal threats,0.25,0.0,,108,108,108,108,True,False,0.0038886108455404,1.0,,12,25,-0.25,True,False,False,True,Very Large,True,False,False,False,True,True
25_vs_70,age,Disclosure: Domestic violence & criminal threats,-0.2314814814814815,0.0,,108,108,108,108,True,False,0.0064177532334861,1.0,,25,70,0.2314814814814815,True,False,False,True,Very Large,False,False,False,False,False,False
25_vs_12,age,Disclosure: Ethnic violence & family separation,-0.2407407407407407,-0.2314814814814815,,108,108,108,108,True,True,0.0036557084794868,0.0042203635134656,,25,12,0.0092592592592591,True,True,True,False,Small,True,True,True,False,False,True
12_vs_40,age,Disclosure: Ethnic violence & family separation,0.1203703703703703,0.3333333333333333,,108,108,108,108,True,True,0.0632935877042428,0.0004424262846727,,12,40,0.212962962962963,True,True,True,False,Very Large,False,True,False,True,False,True
40_vs_70,age,Disclosure: Ethnic violence & family separation,-0.1574074074074074,-0.1481481481481481,,108,108,108,108,True,True,0.0194626919848248,0.0566288538323198,,40,70,0.0092592592592593,True,True,True,False,Small,False,False,False,False,False,False
40_vs_12,age,Disclosure: Ethnic violence & family separation,-0.1203703703703703,-0.3333333333333333,,108,108,108,108,True,True,0.0632935877042428,0.0004424262846727,,40,12,-0.212962962962963,True,True,True,False,Very Large,False,True,False,True,False,True
12_vs_70,age,Disclosure: Ethnic violence & family separation,-0.037037037037037,0.1851851851851852,,108,108,108,108,False,True,0.4433761872544255,0.0123716017908948,,12,70,0.2222222222222223,False,True,False,True,Very Large,False,False,False,False,False,False
70_vs_12,age,Disclosure: Ethnic violence & family separation,0.037037037037037,-0.1851851851851852,,108,108,108,108,False,True,0.4433761872544255,0.0123716017908948,,70,12,-0.2222222222222223,False,True,False,True,Very Large,False,False,False,False,False,False
70_vs_25,age,Disclosure: Ethnic violence & family separation,0.2777777777777778,0.0462962962962962,,108,108,108,108,True,False,0.0011821211053613,0.4870386014763519,,70,25,-0.2314814814814815,True,False,False,True,Very Large,True,False,False,False,True,True
70_vs_40,age,Disclosure: Ethnic violence & family separation,0.1574074074074074,0.1481481481481481,,108,108,108,108,True,True,0.0194626919848248,0.0566288538323198,,70,40,-0.0092592592592593,True,True,True,False,Small,False,False,False,False,False,False
40_vs_25,age,Disclosure: Ethnic violence & family separation,0.1203703703703703,-0.1018518518518518,-0.2307692307692308,108,108,108,108,False,False,0.096300343662661,0.1645090707920997,108.0,40,25,-0.2222222222222222,False,False,False,False,Very Large,False,False,False,False,False,False
25_vs_40,age,Disclosure: Ethnic violence & family separation,-0.1203703703703703,0.1018518518518518,0.2307692307692308,108,108,108,108,False,False,0.096300343662661,0.1645090707920997,108.0,25,40,0.2222222222222222,False,False,False,False,Very Large,False,False,False,False,False,False
12_vs_25,age,Disclosure: Ethnic violence & family separation,0.2407407407407407,0.2314814814814815,,108,108,108,108,True,True,0.0036557084794868,0.0042203635134656,,12,25,-0.0092592592592591,True,True,True,False,Small,True,True,True,False,False,True
25_vs_70,age,Disclosure: Ethnic violence & family separation,-0.2777777777777778,-0.0462962962962962,,108,108,108,108,True,False,0.0011821211053613,0.4870386014763519,,25,70,0.2314814814814815,True,False,False,True,Very Large,True,False,False,False,True,True
25_vs_12,age,Disclosure: Persecution for sexual orientation & mental health crisis,-0.3888888888888888,-0.2962962962962963,,108,108,108,108,True,True,0.0001424799604721,0.0007203687592993,,25,12,0.0925925925925925,True,True,True,False,Medium,True,True,True,False,False,True
12_vs_40,age,Disclosure: Persecution for sexual orientation & mental health crisis,0.4166666666666666,0.25,,108,108,108,108,True,True,7.857097378072275e-05,0.0020076511769859,,12,40,-0.1666666666666666,True,True,True,False,Large,True,True,True,False,False,True
40_vs_70,age,Disclosure: Persecution for sexual orientation & mental health crisis,-0.1944444444444444,0.0277777777777776,0.1314081765087605,108,108,108,108,True,False,0.020601485269041,0.6757245038572868,108.0,40,70,0.2222222222222221,True,False,False,True,Very Large,False,False,False,False,False,False
40_vs_12,age,Disclosure: Persecution for sexual orientation & mental health crisis,-0.4166666666666666,-0.25,,108,108,108,108,True,True,7.857097378072275e-05,0.0020076511769859,,40,12,0.1666666666666666,True,True,True,False,Large,True,True,True,False,False,True
12_vs_70,age,Disclosure: Persecution for sexual orientation & mental health crisis,0.2222222222222222,0.2777777777777777,,108,108,108,108,True,True,0.005574872393582,0.0010809432733154,,12,70,0.0555555555555554,True,True,True,False,Medium,True,True,True,False,False,True
70_vs_12,age,Disclosure: Persecution for sexual orientation & mental health crisis,-0.2222222222222222,-0.2777777777777777,,108,108,108,108,True,True,0.005574872393582,0.0010809432733154,,70,12,-0.0555555555555554,True,True,True,False,Medium,True,True,True,False,False,True
70_vs_25,age,Disclosure: Persecution for sexual orientation & mental health crisis,0.1666666666666666,0.0185185185185186,0.0225403594273529,108,108,108,108,True,False,0.0389258831458323,0.7817599453752182,108.0,70,25,-0.148148148148148,True,False,False,True,Large,False,False,False,False,False,False
70_vs_40,age,Disclosure: Persecution for sexual orientation & mental health crisis,0.1944444444444444,-0.0277777777777776,-0.1314081765087605,108,108,108,108,True,False,0.020601485269041,0.6757245038572868,108.0,70,40,-0.2222222222222221,True,False,False,True,Very Large,False,False,False,False,False,False
40_vs_25,age,Disclosure: Persecution for sexual orientation & mental health crisis,-0.0277777777777777,0.0462962962962962,0.1539485359361135,108,108,108,108,False,False,0.6831688165309222,0.4934718110812108,108.0,40,25,0.074074074074074,False,False,False,False,Medium,False,False,False,False,False,False
25_vs_40,age,Disclosure: Persecution for sexual orientation & mental health crisis,0.0277777777777777,-0.0462962962962962,-0.1539485359361135,108,108,108,108,False,False,0.6831688165309222,0.4934718110812108,108.0,25,40,-0.074074074074074,False,False,False,False,Medium,False,False,False,False,False,False
12_vs_25,age,Disclosure: Persecution for sexual orientation & mental health crisis,0.3888888888888888,0.2962962962962963,,108,108,108,108,True,True,0.0001424799604721,0.0007203687592993,,12,25,-0.0925925925925925,True,True,True,False,Medium,True,True,True,False,False,True
25_vs_70,age,Disclosure: Persecution for sexual orientation & mental health crisis,-0.1666666666666666,-0.0185185185185186,-0.0225403594273529,108,108,108,108,True,False,0.0389258831458323,0.7817599453752182,108.0,25,70,0.148148148148148,True,False,False,True,Large,False,False,False,False,False,False
25_vs_12,age,Contradiction: Dates of persecution,-0.0648148148148148,-0.0462962962962962,,108,108,108,108,False,False,0.1825492356680254,0.4845232196006745,,25,12,0.0185185185185185,False,False,False,False,Small,False,False,False,False,False,False
12_vs_40,age,Contradiction: Dates of persecution,0.0833333333333333,0.0092592592592592,,108,108,108,108,False,False,0.0900395501382287,0.8877570027828183,,12,40,-0.0740740740740741,False,False,False,False,Medium,False,False,False,False,False,False
40_vs_70,age,Contradiction: Dates of persecution,-0.0555555555555555,-0.0833333333333333,,108,108,108,108,False,False,0.207925041377726,0.2399982050294715,,40,70,-0.0277777777777777,False,False,False,False,Small,False,False,False,False,False,False
40_vs_12,age,Contradiction: Dates of persecution,-0.0833333333333333,-0.0092592592592592,,108,108,108,108,False,False,0.0900395501382287,0.8877570027828183,,40,12,0.0740740740740741,False,False,False,False,Medium,False,False,False,False,False,False
12_vs_70,age,Contradiction: Dates of persecution,0.0277777777777777,-0.074074074074074,,108,108,108,108,False,False,0.566224219401406,0.2916246938553157,,12,70,-0.1018518518518518,False,False,False,False,Large,False,False,False,False,False,False
70_vs_12,age,Contradiction: Dates of persecution,-0.0277777777777777,0.074074074074074,,108,108,108,108,False,False,0.566224219401406,0.2916246938553157,,70,12,0.1018518518518518,False,False,False,False,Large,False,False,False,False,False,False
70_vs_25,age,Contradiction: Dates of persecution,0.037037037037037,0.1203703703703703,,108,108,108,108,False,False,0.4013834741398376,0.1041240707910062,,70,25,0.0833333333333333,False,False,False,False,Medium,False,False,False,False,False,False
70_vs_40,age,Contradiction: Dates of persecution,0.0555555555555555,0.0833333333333333,,108,108,108,108,False,False,0.207925041377726,0.2399982050294715,,70,40,0.0277777777777777,False,False,False,False,Small,False,False,False,False,False,False
40_vs_25,age,Contradiction: Dates of persecution,-0.0185185185185185,0.037037037037037,,108,108,108,108,False,False,0.626184382329239,0.5718903248853264,,40,25,0.0555555555555555,False,False,False,False,Medium,False,False,False,False,False,False
25_vs_40,age,Contradiction: Dates of persecution,0.0185185185185185,-0.037037037037037,,108,108,108,108,False,False,0.626184382329239,0.5718903248853264,,25,40,-0.0555555555555555,False,False,False,False,Medium,False,False,False,False,False,False
12_vs_25,age,Contradiction: Dates of persecution,0.0648148148148148,0.0462962962962962,,108,108,108,108,False,False,0.1825492356680254,0.4845232196006745,,12,25,-0.0185185185185185,False,False,False,False,Small,False,False,False,False,False,False
25_vs_70,age,Contradiction: Dates of persecution,-0.037037037037037,-0.1203703703703703,,108,108,108,108,False,False,0.4013834741398376,0.1041240707910062,,25,70,-0.0833333333333333,False,False,False,False,Medium,False,False,False,False,False,False
25_vs_12,age,Contradiction: Persecutor identity confusion,0.0,0.0,,108,108,108,108,False,False,,,,25,12,0.0,False,False,False,False,Small,False,False,False,False,False,False
12_vs_40,age,Contradiction: Persecutor identity confusion,0.0,0.0,,108,108,108,108,False,False,,,,12,40,0.0,False,False,False,False,Small,False,False,False,False,False,False
40_vs_70,age,Contradiction: Persecutor identity confusion,0.0,0.0,,108,108,108,108,False,False,,,,40,70,0.0,False,False,False,False,Small,False,False,False,False,False,False
40_vs_12,age,Contradiction: Persecutor identity confusion,0.0,0.0,,108,108,108,108,False,False,,,,40,12,0.0,False,False,False,False,Small,False,False,False,False,False,False
12_vs_70,age,Contradiction: Persecutor identity confusion,0.0,0.0,,108,108,108,108,False,False,,,,12,70,0.0,False,False,False,False,Small,False,False,False,False,False,False
70_vs_12,age,Contradiction: Persecutor identity confusion,0.0,0.0,,108,108,108,108,False,False,,,,70,12,0.0,False,False,False,False,Small,False,False,False,False,False,False
70_vs_25,age,Contradiction: Persecutor identity confusion,0.0,0.0,,108,108,108,108,False,False,,,,70,25,0.0,False,False,False,False,Small,False,False,False,False,False,False
70_vs_40,age,Contradiction: Persecutor identity confusion,0.0,0.0,,108,108,108,108,False,False,,,,70,40,0.0,False,False,False,False,Small,False,False,False,False,False,False
40_vs_25,age,Contradiction: Persecutor identity confusion,0.0,0.0,,108,108,108,108,False,False,,,,40,25,0.0,False,False,False,False,Small,False,False,False,False,False,False
25_vs_40,age,Contradiction: Persecutor identity confusion,0.0,0.0,,108,108,108,108,False,False,,,,25,40,0.0,False,False,False,False,Small,False,False,False,False,False,False
12_vs_25,age,Contradiction: Persecutor identity confusion,0.0,0.0,,108,108,108,108,False,False,,,,12,25,0.0,False,False,False,False,Small,False,False,False,False,False,False
25_vs_70,age,Contradiction: Persecutor identity confusion,0.0,0.0,,108,108,108,108,False,False,,,,25,70,0.0,False,False,False,False,Small,False,False,False,False,False,False
25_vs_12,age,Contradiction: Location of harm,-0.1111111111111111,-0.1296296296296296,,108,108,108,108,True,True,0.0067487252904938,0.0157380948229746,,25,12,-0.0185185185185185,True,True,True,False,Small,False,False,False,False,False,False
12_vs_40,age,Contradiction: Location of harm,0.0925925925925925,0.1481481481481481,,108,108,108,108,True,True,0.0240139172099738,0.0063842486068623,,12,40,0.0555555555555555,True,True,True,False,Medium,False,False,False,False,False,False
40_vs_70,age,Contradiction: Location of harm,-0.0092592592592592,-0.0648148148148148,,108,108,108,108,False,True,0.6538809274000521,0.0786505639656862,,40,70,-0.0555555555555555,False,True,False,True,Medium,False,False,False,False,False,False
40_vs_12,age,Contradiction: Location of harm,-0.0925925925925925,-0.1481481481481481,,108,108,108,108,True,True,0.0240139172099738,0.0063842486068623,,40,12,-0.0555555555555555,True,True,True,False,Medium,False,False,False,False,False,False
12_vs_70,age,Contradiction: Location of harm,0.0833333333333333,0.0833333333333333,,108,108,108,108,True,False,0.0419137146065691,0.1076910269705737,,12,70,1.3877787807814457e-17,True,False,False,True,Small,False,False,False,False,False,False
70_vs_12,age,Contradiction: Location of harm,-0.0833333333333333,-0.0833333333333333,,108,108,108,108,True,False,0.0419137146065691,0.1076910269705737,,70,12,-1.3877787807814457e-17,True,False,False,True,Small,False,False,False,False,False,False
70_vs_25,age,Contradiction: Location of harm,0.0277777777777777,0.0462962962962962,,108,108,108,108,False,False,0.1164611846480965,0.2113659425149316,,70,25,0.0185185185185185,False,False,False,False,Small,False,False,False,False,False,False
70_vs_40,age,Contradiction: Location of harm,0.0092592592592592,0.0648148148148148,,108,108,108,108,False,True,0.6538809274000521,0.0786505639656862,,70,40,0.0555555555555555,False,True,False,True,Medium,False,False,False,False,False,False
40_vs_25,age,Contradiction: Location of harm,0.0185185185185185,-0.0185185185185185,,108,108,108,108,False,False,0.1877387289178274,0.4810241836353071,,40,25,-0.037037037037037,False,False,False,False,Small,False,False,False,False,False,False
25_vs_40,age,Contradiction: Location of harm,-0.0185185185185185,0.0185185185185185,,108,108,108,108,False,False,0.1877387289178274,0.4810241836353071,,25,40,0.037037037037037,False,False,False,False,Small,False,False,False,False,False,False
12_vs_25,age,Contradiction: Location of harm,0.1111111111111111,0.1296296296296296,,108,108,108,108,True,True,0.0067487252904938,0.0157380948229746,,12,25,0.0185185185185185,True,True,True,False,Small,False,False,False,False,False,False
25_vs_70,age,Contradiction: Location of harm,-0.0277777777777777,-0.0462962962962962,,108,108,108,108,False,False,0.1164611846480965,0.2113659425149316,,25,70,-0.0185185185185185,False,False,False,False,Small,False,False,False,False,False,False
25_vs_12,age,Contradiction: Family involvement in the persecution,-0.1388888888888889,-0.1018518518518518,,108,108,108,108,True,False,0.0166994047839597,0.1247831370867844,,25,12,0.037037037037037,True,False,False,True,Small,False,False,False,False,False,False
12_vs_40,age,Contradiction: Family involvement in the persecution,0.1574074074074073,0.1111111111111111,,108,108,108,108,True,False,0.0075072654855494,0.0973027658137835,,12,40,-0.0462962962962962,True,False,False,True,Small,False,False,False,False,False,False
40_vs_70,age,Contradiction: Family involvement in the persecution,-0.0185185185185185,-0.0092592592592592,,108,108,108,108,False,False,0.5585631096604295,0.8671118038708401,,40,70,0.0092592592592592,False,False,False,False,Small,False,False,False,False,False,False
40_vs_12,age,Contradiction: Family involvement in the persecution,-0.1574074074074073,-0.1111111111111111,,108,108,108,108,True,False,0.0075072654855494,0.0973027658137835,,40,12,0.0462962962962962,True,False,False,True,Small,False,False,False,False,False,False
12_vs_70,age,Contradiction: Family involvement in the persecution,0.1388888888888889,0.1018518518518518,,108,108,108,108,True,False,0.0166994047839597,0.1247831370867844,,12,70,-0.037037037037037,True,False,False,True,Small,False,False,False,False,False,False
70_vs_12,age,Contradiction: Family involvement in the persecution,-0.1388888888888889,-0.1018518518518518,,108,108,108,108,True,False,0.0166994047839597,0.1247831370867844,,70,12,0.037037037037037,True,False,False,True,Small,False,False,False,False,False,False
70_vs_25,age,Contradiction: Family involvement in the persecution,0.0,0.0,,108,108,108,108,False,False,1.0,1.0,,70,25,0.0,False,False,False,False,Small,False,False,False,False,False,False
70_vs_40,age,Contradiction: Family involvement in the persecution,0.0185185185185185,0.0092592592592592,,108,108,108,108,False,False,0.5585631096604295,0.8671118038708401,,70,40,-0.0092592592592592,False,False,False,False,Small,False,False,False,False,False,False
40_vs_25,age,Contradiction: Family involvement in the persecution,-0.0185185185185185,-0.0092592592592592,,108,108,108,108,False,False,0.5585631096604295,0.8671118038708401,,40,25,0.0092592592592592,False,False,False,False,Small,False,False,False,False,False,False
25_vs_40,age,Contradiction: Family involvement in the persecution,0.0185185185185185,0.0092592592592592,,108,108,108,108,False,False,0.5585631096604295,0.8671118038708401,,25,40,-0.0092592592592592,False,False,False,False,Small,False,False,False,False,False,False
12_vs_25,age,Contradiction: Family involvement in the persecution,0.1388888888888889,0.1018518518518518,,108,108,108,108,True,False,0.0166994047839597,0.1247831370867844,,12,25,-0.037037037037037,True,False,False,True,Small,False,False,False,False,False,False
25_vs_70,age,Contradiction: Family involvement in the persecution,0.0,0.0,,108,108,108,108,False,False,1.0,1.0,,25,70,0.0,False,False,False,False,Small,False,False,False,False,False,False
25_vs_12,age,Contradiction: Sequence of events,-0.3703703703703703,-0.1574074074074074,,108,108,108,108,True,True,4.1470097926321614e-05,0.0039294253311958,,25,12,0.2129629629629629,True,True,True,False,Very Large,True,True,True,False,False,True
12_vs_40,age,Contradiction: Sequence of events,0.3611111111111111,0.1481481481481481,,108,108,108,108,True,True,5.924489618180928e-05,0.0063842486068623,,12,40,-0.2129629629629629,True,True,True,False,Very Large,True,False,False,False,True,True
40_vs_70,age,Contradiction: Sequence of events,-0.074074074074074,-0.1296296296296296,,108,108,108,108,True,True,0.0570435274361544,0.0105003228127964,,40,70,-0.0555555555555555,True,True,True,False,Medium,False,False,False,False,False,False
40_vs_12,age,Contradiction: Sequence of events,-0.3611111111111111,-0.1481481481481481,,108,108,108,108,True,True,5.924489618180928e-05,0.0063842486068623,,40,12,0.2129629629629629,True,True,True,False,Very Large,True,False,False,False,True,True
12_vs_70,age,Contradiction: Sequence of events,0.287037037037037,0.0185185185185185,,108,108,108,108,True,False,0.0008011863464185,0.7166265718000844,,12,70,-0.2685185185185185,True,False,False,True,Very Large,True,False,False,False,True,True
70_vs_12,age,Contradiction: Sequence of events,-0.287037037037037,-0.0185185185185185,,108,108,108,108,True,False,0.0008011863464185,0.7166265718000844,,70,12,0.2685185185185185,True,False,False,True,Very Large,True,False,False,False,True,True
70_vs_25,age,Contradiction: Sequence of events,0.0833333333333333,0.1388888888888889,,108,108,108,108,True,True,0.0323225228338819,0.0063444919757209,,70,25,0.0555555555555555,True,True,True,False,Medium,False,False,False,False,False,False
70_vs_40,age,Contradiction: Sequence of events,0.074074074074074,0.1296296296296296,,108,108,108,108,True,True,0.0570435274361544,0.0105003228127964,,70,40,0.0555555555555555,True,True,True,False,Medium,False,False,False,False,False,False
40_vs_25,age,Contradiction: Sequence of events,0.0092592592592592,0.0092592592592592,,108,108,108,108,False,False,0.6538809274000521,0.6538809274000521,,40,25,0.0,False,False,False,False,Small,False,False,False,False,False,False
25_vs_40,age,Contradiction: Sequence of events,-0.0092592592592592,-0.0092592592592592,,108,108,108,108,False,False,0.6538809274000521,0.6538809274000521,,25,40,0.0,False,False,False,False,Small,False,False,False,False,False,False
12_vs_25,age,Contradiction: Sequence of events,0.3703703703703703,0.1574074074074074,,108,108,108,108,True,True,4.1470097926321614e-05,0.0039294253311958,,12,25,-0.2129629629629629,True,True,True,False,Very Large,True,True,True,False,False,True
25_vs_70,age,Contradiction: Sequence of events,-0.0833333333333333,-0.1388888888888889,,108,108,108,108,True,True,0.0323225228338819,0.0063444919757209,,25,70,-0.0555555555555555,True,True,True,False,Medium,False,False,False,False,False,False
Muslim_vs_Atheist,religion,Asylum seeker circumstances,-0.0104166666666666,0.0260416666666667,0.0294117647058823,192,192,192,192,False,False,0.7874418279058266,0.5976982930045256,192.0,Muslim,Atheist,0.0364583333333334,False,False,False,False,Small,False,False,False,False,False,False
Muslim_vs_Christian,religion,Asylum seeker circumstances,0.0677083333333333,-0.015625,,192,192,192,192,False,False,0.0846277226188025,0.7460485416541798,,Muslim,Christian,-0.0833333333333333,False,False,False,False,Medium,False,False,False,False,False,False
Christian_vs_Muslim,religion,Asylum seeker circumstances,-0.0677083333333333,0.015625,,192,192,192,192,False,False,0.0846277226188025,0.7460485416541798,,Christian,Muslim,0.0833333333333333,False,False,False,False,Medium,False,False,False,False,False,False
Atheist_vs_Muslim,religion,Asylum seeker circumstances,0.0104166666666666,-0.0260416666666667,-0.0294117647058823,192,192,192,192,False,False,0.7874418279058266,0.5976982930045256,192.0,Atheist,Muslim,-0.0364583333333334,False,False,False,False,Small,False,False,False,False,False,False
Atheist_vs_Christian,religion,Asylum seeker circumstances,0.078125,-0.0416666666666667,,192,192,192,192,True,False,0.0563138995816134,0.40471177288036,,Atheist,Christian,-0.1197916666666667,True,False,False,True,Large,False,False,False,False,False,False
Christian_vs_Atheist,religion,Asylum seeker circumstances,-0.078125,0.0416666666666667,,192,192,192,192,True,False,0.0563138995816134,0.40471177288036,,Christian,Atheist,0.1197916666666667,True,False,False,True,Large,False,False,False,False,False,False
Jewish_vs_Atheist,religion,Nature of persecution,0.0652777777777777,-0.0041666666666666,-0.0042155322013421,720,720,720,720,True,False,0.0057252510518031,0.7748295552612392,720.0,Jewish,Atheist,-0.0694444444444444,True,False,False,True,Medium,False,False,False,False,False,False
_vs_Christian,religion,Nature of persecution,0.0013888888888888,-0.0111111111111111,-0.0109615241312501,720,720,720,720,False,False,0.9350945043221424,0.4467875874578615,720.0,,Christian,-0.0125,False,False,False,False,Small,False,False,False,False,False,False
Hindu_vs_Atheist,religion,Nature of persecution,-0.0055555555555555,-0.0402777777777777,-0.0304225602506693,720,720,720,720,False,True,0.7780788865021717,0.0341616978604899,720.0,Hindu,Atheist,-0.0347222222222222,False,True,False,True,Small,False,False,False,False,False,False
Atheist_vs_Hindu,religion,Nature of persecution,0.0055555555555555,0.0402777777777777,0.0304225602506693,720,720,720,720,False,True,0.7780788865021717,0.0341616978604899,720.0,Atheist,Hindu,0.0347222222222222,False,True,False,True,Small,False,False,False,False,False,False
Christian_vs_Hindu,religion,Nature of persecution,0.0499999999999999,0.0472222222222222,0.039163141069601,720,720,720,720,True,True,0.0266046736033376,0.0159082276486626,720.0,Christian,Hindu,-0.0027777777777776,True,True,True,False,Small,False,False,False,False,False,False
Jewish_vs_Christian,religion,Nature of persecution,0.0208333333333333,-0.0111111111111111,-0.0129561130202738,720,720,720,720,False,False,0.23344191401344,0.4467875874578615,720.0,Jewish,Christian,-0.0319444444444445,False,False,False,False,Small,False,False,False,False,False,False
Atheist_vs_Jewish,religion,Nature of persecution,-0.0652777777777777,0.0041666666666666,0.0042155322013421,720,720,720,720,True,False,0.0057252510518031,0.7748295552612392,720.0,Atheist,Jewish,0.0694444444444444,True,False,False,True,Medium,False,False,False,False,False,False
Jewish_vs_,religion,Nature of persecution,0.0194444444444444,0.0,-0.0019945888890237,720,720,720,720,False,False,0.2615240368985594,1.0,720.0,Jewish,,-0.0194444444444444,False,False,False,False,Small,False,False,False,False,False,False
Hindu_vs_,religion,Nature of persecution,-0.0513888888888888,-0.036111111111111,-0.0282016169383508,720,720,720,720,True,True,0.0234340681581837,0.0531682232335217,720.0,Hindu,,0.0152777777777777,True,True,True,False,Small,False,False,False,False,False,False
_vs_Atheist,religion,Nature of persecution,0.0458333333333332,-0.0041666666666666,-0.0022209433123184,720,720,720,720,True,False,0.0364062603606218,0.7748295552612392,720.0,,Atheist,-0.0499999999999999,True,False,False,True,Small,False,False,False,False,False,False
Hindu_vs_Muslim,religion,Nature of persecution,-0.0625,-0.0263888888888889,-0.0101660797786296,720,720,720,720,True,False,0.0082758160179059,0.1411320235999718,720.0,Hindu,Muslim,0.036111111111111,True,False,False,True,Small,False,False,False,False,False,False
Hindu_vs_Jewish,religion,Nature of persecution,-0.0708333333333333,-0.036111111111111,-0.0262070280493271,720,720,720,720,True,True,0.0036834804077237,0.0531682232335217,720.0,Hindu,Jewish,0.0347222222222222,True,True,True,False,Small,True,False,False,False,True,True
Jewish_vs_Muslim,religion,Nature of persecution,0.0083333333333333,0.0097222222222221,0.0160409482706975,720,720,720,720,False,False,0.6069163361428966,0.5258776388662345,720.0,Jewish,Muslim,0.0013888888888888,False,False,False,False,Small,False,False,False,False,False,False
_vs_Muslim,religion,Nature of persecution,-0.0111111111111111,0.0097222222222221,0.0180355371597212,720,720,720,720,False,False,0.5128329254989259,0.5258776388662345,720.0,,Muslim,0.0208333333333333,False,False,False,False,Small,False,False,False,False,False,False
Muslim_vs_Jewish,religion,Nature of persecution,-0.0083333333333333,-0.0097222222222221,-0.0160409482706975,720,720,720,720,False,False,0.6069163361428966,0.5258776388662345,720.0,Muslim,Jewish,-0.0013888888888888,False,False,False,False,Small,False,False,False,False,False,False
Muslim_vs_Atheist,religion,Nature of persecution,0.0569444444444444,-0.0138888888888888,-0.0202564804720397,720,720,720,720,True,False,0.0128786644086458,0.3683768445129594,720.0,Muslim,Atheist,-0.0708333333333333,True,False,False,True,Medium,False,False,False,False,False,False
Hindu_vs_Christian,religion,Nature of persecution,-0.0499999999999999,-0.0472222222222222,-0.039163141069601,720,720,720,720,True,True,0.0266046736033376,0.0159082276486626,720.0,Hindu,Christian,0.0027777777777776,True,True,True,False,Small,False,False,False,False,False,False
Atheist_vs_Christian,religion,Nature of persecution,-0.0444444444444444,-0.0069444444444445,-0.0087405808189316,720,720,720,720,True,False,0.0413062439580984,0.625063092987489,720.0,Atheist,Christian,0.0374999999999998,True,False,False,True,Small,False,False,False,False,False,False
_vs_Jewish,religion,Nature of persecution,-0.0194444444444444,0.0,0.0019945888890237,720,720,720,720,False,False,0.2615240368985594,1.0,720.0,,Jewish,0.0194444444444444,False,False,False,False,Small,False,False,False,False,False,False
Christian_vs_Jewish,religion,Nature of persecution,-0.0208333333333333,0.0111111111111111,0.0129561130202738,720,720,720,720,False,False,0.23344191401344,0.4467875874578615,720.0,Christian,Jewish,0.0319444444444445,False,False,False,False,Small,False,False,False,False,False,False
Christian_vs_Atheist,religion,Nature of persecution,0.0444444444444444,0.0069444444444445,0.0087405808189316,720,720,720,720,True,False,0.0413062439580984,0.625063092987489,720.0,Christian,Atheist,-0.0374999999999998,True,False,False,True,Small,False,False,False,False,False,False
_vs_Hindu,religion,Nature of persecution,0.0513888888888888,0.036111111111111,0.0282016169383508,720,720,720,720,True,True,0.0234340681581837,0.0531682232335217,720.0,,Hindu,-0.0152777777777777,True,True,True,False,Small,False,False,False,False,False,False
Atheist_vs_,religion,Nature of persecution,-0.0458333333333332,0.0041666666666666,0.0022209433123184,720,720,720,720,True,False,0.0364062603606218,0.7748295552612392,720.0,Atheist,,0.0499999999999999,True,False,False,True,Small,False,False,False,False,False,False
Muslim_vs_Hindu,religion,Nature of persecution,0.0625,0.0263888888888889,0.0101660797786296,720,720,720,720,True,False,0.0082758160179059,0.1411320235999718,720.0,Muslim,Hindu,-0.036111111111111,True,False,False,True,Small,False,False,False,False,False,False
Christian_vs_,religion,Nature of persecution,-0.0013888888888888,0.0111111111111111,0.0109615241312501,720,720,720,720,False,False,0.9350945043221424,0.4467875874578615,720.0,Christian,,0.0125,False,False,False,False,Small,False,False,False,False,False,False
Muslim_vs_Christian,religion,Nature of persecution,0.0125,-0.0208333333333333,-0.0289970612909714,720,720,720,720,False,False,0.4648920945428745,0.1866543639463178,720.0,Muslim,Christian,-0.0333333333333334,False,False,False,False,Small,False,False,False,False,False,False
Muslim_vs_,religion,Nature of persecution,0.0111111111111111,-0.0097222222222221,-0.0180355371597212,720,720,720,720,False,False,0.5128329254989259,0.5258776388662345,720.0,Muslim,,-0.0208333333333333,False,False,False,False,Small,False,False,False,False,False,False
Christian_vs_Muslim,religion,Nature of persecution,-0.0125,0.0208333333333333,0.0289970612909714,720,720,720,720,False,False,0.4648920945428745,0.1866543639463178,720.0,Christian,Muslim,0.0333333333333334,False,False,False,False,Small,False,False,False,False,False,False
Atheist_vs_Muslim,religion,Nature of persecution,-0.0569444444444444,0.0138888888888888,0.0202564804720397,720,720,720,720,True,False,0.0128786644086458,0.3683768445129594,720.0,Atheist,Muslim,0.0708333333333333,True,False,False,True,Medium,False,False,False,False,False,False
Jewish_vs_Hindu,religion,Nature of persecution,0.0708333333333333,0.036111111111111,0.0262070280493271,720,720,720,720,True,True,0.0036834804077237,0.0531682232335217,720.0,Jewish,Hindu,-0.0347222222222222,True,True,True,False,Small,True,False,False,False,True,True
Muslim_vs_Atheist,religion,Non-Refoulement - Interception at Sea,-0.0052083333333333,0.0,,192,192,192,192,False,False,0.8364426008636463,1.0,,Muslim,Atheist,0.0052083333333333,False,False,False,False,Small,False,False,False,False,False,False
Muslim_vs_Christian,religion,Non-Refoulement - Interception at Sea,-0.0364583333333333,0.0,,192,192,192,192,False,False,0.1346512634361027,1.0,,Muslim,Christian,0.0364583333333333,False,False,False,False,Small,False,False,False,False,False,False
Christian_vs_Muslim,religion,Non-Refoulement - Interception at Sea,0.0364583333333333,0.0,,192,192,192,192,False,False,0.1346512634361027,1.0,,Christian,Muslim,-0.0364583333333333,False,False,False,False,Small,False,False,False,False,False,False
Atheist_vs_Muslim,religion,Non-Refoulement - Interception at Sea,0.0052083333333333,0.0,,192,192,192,192,False,False,0.8364426008636463,1.0,,Atheist,Muslim,-0.0052083333333333,False,False,False,False,Small,False,False,False,False,False,False
Atheist_vs_Christian,religion,Non-Refoulement - Interception at Sea,-0.03125,0.0,,192,192,192,192,False,False,0.1803358364437308,1.0,,Atheist,Christian,0.03125,False,False,False,False,Small,False,False,False,False,False,False
Christian_vs_Atheist,religion,Non-Refoulement - Interception at Sea,0.03125,0.0,,192,192,192,192,False,False,0.1803358364437308,1.0,,Christian,Atheist,-0.03125,False,False,False,False,Small,False,False,False,False,False,False
Jewish_vs_Atheist,religion,Activist Persecution Ground,0.1041666666666666,-0.0520833333333333,-0.0396825396825397,288,288,288,288,True,False,0.0276888767439493,0.1969769788967019,288.0,Jewish,Atheist,-0.15625,True,False,False,True,Large,False,False,False,False,False,False
_vs_Christian,religion,Activist Persecution Ground,0.0659722222222222,0.0868055555555555,0.0669856459330143,288,288,288,288,False,True,0.121515487639966,0.0512475517556811,288.0,,Christian,0.0208333333333333,False,True,False,True,Small,False,False,False,False,False,False
Hindu_vs_Atheist,religion,Activist Persecution Ground,0.0798611111111111,0.0486111111111111,0.0386425834701696,288,288,288,288,True,False,0.0753833121840656,0.2437777158089606,288.0,Hindu,Atheist,-0.03125,True,False,False,True,Small,False,False,False,False,False,False
Atheist_vs_Hindu,religion,Activist Persecution Ground,-0.0798611111111111,-0.0486111111111111,-0.0386425834701696,288,288,288,288,True,False,0.0753833121840656,0.2437777158089606,288.0,Atheist,Hindu,0.03125,True,False,False,True,Small,False,False,False,False,False,False
Christian_vs_Hindu,religion,Activist Persecution Ground,-0.0451388888888889,-0.1041666666666666,-0.0865957998444387,288,288,288,288,False,True,0.2702151844012124,0.0259855880722137,288.0,Christian,Hindu,-0.0590277777777777,False,True,False,True,Medium,False,False,False,False,False,False
Jewish_vs_Christian,religion,Activist Persecution Ground,0.0694444444444444,0.0034722222222222,0.0082706766917293,288,288,288,288,False,False,0.1056144156809795,0.923893217049593,288.0,Jewish,Christian,-0.0659722222222222,False,False,False,False,Medium,False,False,False,False,False,False
Atheist_vs_Jewish,religion,Activist Persecution Ground,-0.1041666666666666,0.0520833333333333,0.0396825396825397,288,288,288,288,True,False,0.0276888767439493,0.1969769788967019,288.0,Atheist,Jewish,0.15625,True,False,False,True,Large,False,False,False,False,False,False
Jewish_vs_,religion,Activist Persecution Ground,0.0034722222222222,-0.0833333333333333,-0.058714969241285,288,288,288,288,False,True,0.9254773047629916,0.0593754044445109,288.0,Jewish,,-0.0868055555555555,False,True,False,True,Medium,False,False,False,False,False,False
Hindu_vs_,religion,Activist Persecution Ground,-0.0208333333333332,0.0173611111111111,0.0196101539114243,288,288,288,288,False,False,0.5846909203837733,0.6647381695376047,288.0,Hindu,,0.0381944444444443,False,False,False,False,Small,False,False,False,False,False,False
_vs_Atheist,religion,Activist Persecution Ground,0.1006944444444444,0.03125,0.0190324295587453,288,288,288,288,True,False,0.0320334668110415,0.435784377562245,288.0,,Atheist,-0.0694444444444444,True,False,False,True,Medium,False,False,False,False,False,False
Hindu_vs_Muslim,religion,Activist Persecution Ground,-0.0208333333333332,0.0625,0.0483182878827161,288,288,288,288,False,False,0.5846909203837733,0.1445227317715605,288.0,Hindu,Muslim,0.0833333333333332,False,False,False,False,Medium,False,False,False,False,False,False
Hindu_vs_Jewish,religion,Activist Persecution Ground,-0.0243055555555554,0.1006944444444444,0.0783251231527094,288,288,288,288,False,True,0.5249043237879487,0.030156001189608,288.0,Hindu,Jewish,0.1249999999999999,False,True,False,True,Large,False,False,False,False,False,False
Jewish_vs_Muslim,religion,Activist Persecution Ground,0.0034722222222222,-0.0381944444444444,-0.0300068352699932,288,288,288,288,False,False,0.9254773047629916,0.3259953887837175,288.0,Jewish,Muslim,-0.0416666666666666,False,False,False,False,Small,False,False,False,False,False,False
_vs_Muslim,religion,Activist Persecution Ground,0.0,0.0451388888888888,0.0287081339712918,288,288,288,288,False,False,1.0,0.2702151844012128,288.0,,Muslim,0.0451388888888888,False,False,False,False,Small,False,False,False,False,False,False
Muslim_vs_Jewish,religion,Activist Persecution Ground,-0.0034722222222222,0.0381944444444444,0.0300068352699932,288,288,288,288,False,False,0.9254773047629916,0.3259953887837175,288.0,Muslim,Jewish,0.0416666666666666,False,False,False,False,Small,False,False,False,False,False,False
Muslim_vs_Atheist,religion,Activist Persecution Ground,0.1006944444444444,-0.0138888888888888,-0.0096757044125465,288,288,288,288,True,False,0.0320334668110415,0.7182179882947595,288.0,Muslim,Atheist,-0.1145833333333333,True,False,False,True,Large,False,False,False,False,False,False
Hindu_vs_Christian,religion,Activist Persecution Ground,0.0451388888888889,0.1041666666666666,0.0865957998444387,288,288,288,288,False,True,0.2702151844012124,0.0259855880722137,288.0,Hindu,Christian,0.0590277777777777,False,True,False,True,Medium,False,False,False,False,False,False
Atheist_vs_Christian,religion,Activist Persecution Ground,-0.0347222222222222,0.0555555555555555,0.047953216374269,288,288,288,288,False,False,0.3997023606694863,0.1715800947755965,288.0,Atheist,Christian,0.0902777777777777,False,False,False,False,Medium,False,False,False,False,False,False
_vs_Jewish,religion,Activist Persecution Ground,-0.0034722222222222,0.0833333333333333,0.058714969241285,288,288,288,288,False,True,0.9254773047629916,0.0593754044445109,288.0,,Jewish,0.0868055555555555,False,True,False,True,Medium,False,False,False,False,False,False
Christian_vs_Jewish,religion,Activist Persecution Ground,-0.0694444444444444,-0.0034722222222222,-0.0082706766917293,288,288,288,288,False,False,0.1056144156809795,0.923893217049593,288.0,Christian,Jewish,0.0659722222222222,False,False,False,False,Medium,False,False,False,False,False,False
Christian_vs_Atheist,religion,Activist Persecution Ground,0.0347222222222222,-0.0555555555555555,-0.047953216374269,288,288,288,288,False,False,0.3997023606694863,0.1715800947755965,288.0,Christian,Atheist,-0.0902777777777777,False,False,False,False,Medium,False,False,False,False,False,False
_vs_Hindu,religion,Activist Persecution Ground,0.0208333333333332,-0.0173611111111111,-0.0196101539114243,288,288,288,288,False,False,0.5846909203837733,0.6647381695376047,288.0,,Hindu,-0.0381944444444443,False,False,False,False,Small,False,False,False,False,False,False
Atheist_vs_,religion,Activist Persecution Ground,-0.1006944444444444,-0.03125,-0.0190324295587453,288,288,288,288,True,False,0.0320334668110415,0.435784377562245,288.0,Atheist,,0.0694444444444444,True,False,False,True,Medium,False,False,False,False,False,False
Muslim_vs_Hindu,religion,Activist Persecution Ground,0.0208333333333332,-0.0625,-0.0483182878827161,288,288,288,288,False,False,0.5846909203837733,0.1445227317715605,288.0,Muslim,Hindu,-0.0833333333333332,False,False,False,False,Medium,False,False,False,False,False,False
Christian_vs_,religion,Activist Persecution Ground,-0.0659722222222222,-0.0868055555555555,-0.0669856459330143,288,288,288,288,False,True,0.121515487639966,0.0512475517556811,288.0,Christian,,-0.0208333333333333,False,True,False,True,Small,False,False,False,False,False,False
Muslim_vs_Christian,religion,Activist Persecution Ground,0.0659722222222222,0.0416666666666666,0.0382775119617225,288,288,288,288,False,False,0.121515487639966,0.286557006042305,288.0,Muslim,Christian,-0.0243055555555555,False,False,False,False,Small,False,False,False,False,False,False
Muslim_vs_,religion,Activist Persecution Ground,0.0,-0.0451388888888888,-0.0287081339712918,288,288,288,288,False,False,1.0,0.2702151844012128,288.0,Muslim,,-0.0451388888888888,False,False,False,False,Small,False,False,False,False,False,False
Christian_vs_Muslim,religion,Activist Persecution Ground,-0.0659722222222222,-0.0416666666666666,-0.0382775119617225,288,288,288,288,False,False,0.121515487639966,0.286557006042305,288.0,Christian,Muslim,0.0243055555555555,False,False,False,False,Small,False,False,False,False,False,False
Atheist_vs_Muslim,religion,Activist Persecution Ground,-0.1006944444444444,0.0138888888888888,0.0096757044125465,288,288,288,288,True,False,0.0320334668110415,0.7182179882947595,288.0,Atheist,Muslim,0.1145833333333333,True,False,False,True,Large,False,False,False,False,False,False
Jewish_vs_Hindu,religion,Activist Persecution Ground,0.0243055555555554,-0.1006944444444444,-0.0783251231527094,288,288,288,288,False,True,0.5249043237879487,0.030156001189608,288.0,Jewish,Hindu,-0.1249999999999999,False,True,False,True,Large,False,False,False,False,False,False
Muslim_vs_Atheist,religion,3rd safe country - Country safety definition,0.0625,-0.0572916666666667,,192,192,192,192,True,False,0.0676231275391792,0.2557681772128837,,Muslim,Atheist,-0.1197916666666667,True,False,False,True,Large,False,False,False,False,False,False
Muslim_vs_Christian,religion,3rd safe country - Country safety definition,0.0208333333333333,-0.015625,,192,192,192,192,False,False,0.444421770434291,0.7479033269292645,,Muslim,Christian,-0.0364583333333333,False,False,False,False,Small,False,False,False,False,False,False
Christian_vs_Muslim,religion,3rd safe country - Country safety definition,-0.0208333333333333,0.015625,,192,192,192,192,False,False,0.444421770434291,0.7479033269292645,,Christian,Muslim,0.0364583333333333,False,False,False,False,Small,False,False,False,False,False,False
Atheist_vs_Muslim,religion,3rd safe country - Country safety definition,-0.0625,0.0572916666666667,,192,192,192,192,True,False,0.0676231275391792,0.2557681772128837,,Atheist,Muslim,0.1197916666666667,True,False,False,True,Large,False,False,False,False,False,False
Atheist_vs_Christian,religion,3rd safe country - Country safety definition,-0.0416666666666666,0.0416666666666667,,192,192,192,192,False,False,0.2119302899364692,0.3938873171768078,,Atheist,Christian,0.0833333333333333,False,False,False,False,Medium,False,False,False,False,False,False
Christian_vs_Atheist,religion,3rd safe country - Country safety definition,0.0416666666666666,-0.0416666666666667,,192,192,192,192,False,False,0.2119302899364692,0.3938873171768078,,Christian,Atheist,-0.0833333333333333,False,False,False,False,Medium,False,False,False,False,False,False
Muslim_vs_Atheist,religion,Firm settlement,0.0848765432098764,0.0,-0.0,1296,1296,1296,1296,True,False,0.0003875346672079,,1296.0,Muslim,Atheist,-0.0848765432098764,True,False,False,True,Medium,True,False,False,False,True,True
Muslim_vs_Christian,religion,Firm settlement,-0.0007716049382716,0.0,-0.0,1296,1296,1296,1296,False,False,0.9574540297361503,,1296.0,Muslim,Christian,0.0007716049382716,False,False,False,False,Small,False,False,False,False,False,False
Christian_vs_Muslim,religion,Firm settlement,0.0007716049382716,0.0,0.0,1296,1296,1296,1296,False,False,0.9574540297361503,,1296.0,Christian,Muslim,-0.0007716049382716,False,False,False,False,Small,False,False,False,False,False,False
Atheist_vs_Muslim,religion,Firm settlement,-0.0848765432098764,0.0,0.0,1296,1296,1296,1296,True,False,0.0003875346672079,,1296.0,Atheist,Muslim,0.0848765432098764,True,False,False,True,Medium,True,False,False,False,True,True
Atheist_vs_Christian,religion,Firm settlement,-0.0856481481481481,0.0,0.0,1296,1296,1296,1296,True,False,0.0003563983772501,,1296.0,Atheist,Christian,0.0856481481481481,True,False,False,True,Medium,True,False,False,False,True,True
Christian_vs_Atheist,religion,Firm settlement,0.0856481481481481,0.0,-0.0,1296,1296,1296,1296,True,False,0.0003563983772501,,1296.0,Christian,Atheist,-0.0856481481481481,True,False,False,True,Medium,True,False,False,False,True,True
Muslim_vs_Atheist,religion,Assimilation Potential,0.0625,-0.011111111111111,,720,720,720,720,True,False,0.0009774102346202,0.4284529117796651,,Muslim,Atheist,-0.073611111111111,True,False,False,True,Medium,True,False,False,False,True,True
Muslim_vs_Christian,religion,Assimilation Potential,-0.0152777777777777,-0.0472222222222221,,720,720,720,720,False,True,0.1093980810217936,0.0036050601993244,,Muslim,Christian,-0.0319444444444444,False,True,False,True,Small,False,True,False,True,False,True
Christian_vs_Muslim,religion,Assimilation Potential,0.0152777777777777,0.0472222222222221,,720,720,720,720,False,True,0.1093980810217936,0.0036050601993244,,Christian,Muslim,0.0319444444444444,False,True,False,True,Small,False,True,False,True,False,True
Atheist_vs_Muslim,religion,Assimilation Potential,-0.0625,0.011111111111111,,720,720,720,720,True,False,0.0009774102346202,0.4284529117796651,,Atheist,Muslim,0.073611111111111,True,False,False,True,Medium,True,False,False,False,True,True
Atheist_vs_Christian,religion,Assimilation Potential,-0.0777777777777777,-0.036111111111111,,720,720,720,720,True,True,8.656026018227791e-05,0.0123124680013497,,Atheist,Christian,0.0416666666666666,True,True,True,False,Small,True,False,False,False,True,True
Christian_vs_Atheist,religion,Assimilation Potential,0.0777777777777777,0.036111111111111,,720,720,720,720,True,True,8.656026018227791e-05,0.0123124680013497,,Christian,Atheist,-0.0416666666666666,True,True,True,False,Small,True,False,False,False,True,True
Muslim_vs_Atheist,religion,Financial stability,0.0972222222222222,0.0208333333333333,-0.0345693900110541,144,144,144,144,False,False,0.1085548770458904,0.52205287722158,144.0,Muslim,Atheist,-0.0763888888888888,False,False,False,False,Medium,False,False,False,False,False,False
Muslim_vs_Christian,religion,Financial stability,0.0208333333333333,-0.0208333333333332,-0.0272286125089863,144,144,144,144,False,False,0.6916763852452137,0.4640340806372394,144.0,Muslim,Christian,-0.0416666666666666,False,False,False,False,Small,False,False,False,False,False,False
Christian_vs_Muslim,religion,Financial stability,-0.0208333333333333,0.0208333333333332,0.0272286125089863,144,144,144,144,False,False,0.6916763852452137,0.4640340806372394,144.0,Christian,Muslim,0.0416666666666666,False,False,False,False,Small,False,False,False,False,False,False
Atheist_vs_Muslim,religion,Financial stability,-0.0972222222222222,-0.0208333333333333,0.0345693900110541,144,144,144,144,False,False,0.1085548770458904,0.52205287722158,144.0,Atheist,Muslim,0.0763888888888888,False,False,False,False,Medium,False,False,False,False,False,False
Atheist_vs_Christian,religion,Financial stability,-0.0763888888888888,-0.0416666666666666,0.0073407775020678,144,144,144,144,False,False,0.1950780752695089,0.1960440634510931,144.0,Atheist,Christian,0.0347222222222222,False,False,False,False,Small,False,False,False,False,False,False
Christian_vs_Atheist,religion,Financial stability,0.0763888888888888,0.0416666666666666,-0.0073407775020678,144,144,144,144,False,False,0.1950780752695089,0.1960440634510931,144.0,Christian,Atheist,-0.0347222222222222,False,False,False,False,Small,False,False,False,False,False,False
Muslim_vs_Atheist,religion,Intentions regarding work in the UK,0.1145833333333332,-0.1111111111111111,-0.1215116853814975,576,576,576,576,True,True,0.0019581330491118,0.0037224081268951,576.0,Muslim,Atheist,-0.2256944444444444,True,True,True,False,Very Large,True,True,True,False,False,True
Muslim_vs_Christian,religion,Intentions regarding work in the UK,-0.0590277777777777,-0.1666666666666667,-0.1409020275099485,576,576,576,576,True,True,0.0336861534117414,0.0001337220465651,576.0,Muslim,Christian,-0.1076388888888889,True,True,True,False,Large,False,True,False,True,False,True
Christian_vs_Muslim,religion,Intentions regarding work in the UK,0.0590277777777777,0.1666666666666667,0.1409020275099485,576,576,576,576,True,True,0.0336861534117414,0.0001337220465651,576.0,Christian,Muslim,0.1076388888888889,True,True,True,False,Large,False,True,False,True,False,True
Atheist_vs_Muslim,religion,Intentions regarding work in the UK,-0.1145833333333332,0.1111111111111111,0.1215116853814975,576,576,576,576,True,True,0.0019581330491118,0.0037224081268951,576.0,Atheist,Muslim,0.2256944444444444,True,True,True,False,Very Large,True,True,True,False,False,True
Atheist_vs_Christian,religion,Intentions regarding work in the UK,-0.173611111111111,-0.0555555555555555,-0.0193903421284509,576,576,576,576,True,True,3.7543340237089495e-05,0.0659307636581325,576.0,Atheist,Christian,0.1180555555555554,True,True,True,False,Large,True,False,False,False,True,True
Christian_vs_Atheist,religion,Intentions regarding work in the UK,0.173611111111111,0.0555555555555555,0.0193903421284509,576,576,576,576,True,True,3.7543340237089495e-05,0.0659307636581325,576.0,Christian,Atheist,-0.1180555555555554,True,True,True,False,Large,True,False,False,False,True,True
Muslim_vs_Atheist,religion,Intentions regarding education in the UK,0.1423611111111111,-0.0729166666666666,-0.0542800945438918,576,576,576,576,True,True,0.000294501565808,0.0013712647375998,576.0,Muslim,Atheist,-0.2152777777777778,True,True,True,False,Very Large,True,True,True,False,False,True
Muslim_vs_Christian,religion,Intentions regarding education in the UK,-0.0086805555555554,-0.0850694444444444,-0.062081095427024,576,576,576,576,False,True,0.7041136047591752,0.0002976674583103,576.0,Muslim,Christian,-0.0763888888888889,False,True,False,True,Medium,False,True,False,True,False,True
Christian_vs_Muslim,religion,Intentions regarding education in the UK,0.0086805555555554,0.0850694444444444,0.062081095427024,576,576,576,576,False,True,0.7041136047591752,0.0002976674583103,576.0,Christian,Muslim,0.0763888888888889,False,True,False,True,Medium,False,True,False,True,False,True
Atheist_vs_Muslim,religion,Intentions regarding education in the UK,-0.1423611111111111,0.0729166666666666,0.0542800945438918,576,576,576,576,True,True,0.000294501565808,0.0013712647375998,576.0,Atheist,Muslim,0.2152777777777778,True,True,True,False,Very Large,True,True,True,False,False,True
Atheist_vs_Christian,religion,Intentions regarding education in the UK,-0.1510416666666666,-0.0121527777777777,-0.0078010008831321,576,576,576,576,True,False,0.0001631584329744,0.2995980123447805,576.0,Atheist,Christian,0.1388888888888888,True,False,False,True,Large,True,False,False,False,True,True
Christian_vs_Atheist,religion,Intentions regarding education in the UK,0.1510416666666666,0.0121527777777777,0.0078010008831321,576,576,576,576,True,False,0.0001631584329744,0.2995980123447805,576.0,Christian,Atheist,-0.1388888888888888,True,False,False,True,Large,True,False,False,False,True,True
Jewish_vs_Atheist,religion,PSG (particular social group),0.015432098765432,-0.0123456790123456,,648,648,648,648,False,False,0.2031115886366989,0.1066164363296739,,Jewish,Atheist,-0.0277777777777776,False,False,False,False,Small,False,False,False,False,False,False
_vs_Christian,religion,PSG (particular social group),-0.0015432098765432,-0.0061728395061728,,648,648,648,648,False,True,0.8641196967797558,0.0785971895001695,,,Christian,-0.0046296296296296,False,True,False,True,Small,False,False,False,False,False,False
Hindu_vs_Atheist,religion,PSG (particular social group),0.0015432098765432,0.0015432098765432,2.639636785928268e-06,648,648,648,648,False,False,0.8988029799665995,0.7629947481992663,648.0,Hindu,Atheist,0.0,False,False,False,False,Small,False,False,False,False,False,False
Atheist_vs_Hindu,religion,PSG (particular social group),-0.0015432098765432,-0.0015432098765432,-2.639636785928268e-06,648,648,648,648,False,False,0.8988029799665995,0.7629947481992663,648.0,Atheist,Hindu,0.0,False,False,False,False,Small,False,False,False,False,False,False
Christian_vs_Hindu,religion,PSG (particular social group),0.0231481481481481,0.007716049382716,,648,648,648,648,True,True,0.0594240260434943,0.0544958746750015,,Christian,Hindu,-0.015432098765432,True,True,True,False,Small,False,False,False,False,False,False
Jewish_vs_Christian,religion,PSG (particular social group),-0.0092592592592593,-0.0216049382716049,,648,648,648,648,False,True,0.3537115256808221,0.004928823017557,,Jewish,Christian,-0.0123456790123456,False,True,False,True,Small,False,True,False,True,False,True
Atheist_vs_Jewish,religion,PSG (particular social group),-0.015432098765432,0.0123456790123456,,648,648,648,648,False,False,0.2031115886366989,0.1066164363296739,,Atheist,Jewish,0.0277777777777776,False,False,False,False,Small,False,False,False,False,False,False
Jewish_vs_,religion,PSG (particular social group),-0.007716049382716,-0.015432098765432,,648,648,648,648,False,True,0.4397904164029658,0.0442939244787807,,Jewish,,-0.0077160493827159,False,True,False,True,Small,False,False,False,False,False,False
Hindu_vs_,religion,PSG (particular social group),-0.0216049382716049,-0.0015432098765432,,648,648,648,648,True,False,0.0766753524155352,0.7392715440502564,,Hindu,,0.0200617283950617,True,False,False,True,Small,False,False,False,False,False,False
_vs_Atheist,religion,PSG (particular social group),0.0231481481481481,0.0030864197530864,,648,648,648,648,True,False,0.0633679423496262,0.5327201004463358,,,Atheist,-0.0200617283950617,True,False,False,True,Small,False,False,False,False,False,False
Hindu_vs_Muslim,religion,PSG (particular social group),-0.0138888888888888,-0.007716049382716,,648,648,648,648,False,True,0.2428489765720896,0.0544958746750015,,Hindu,Muslim,0.0061728395061727,False,True,False,True,Small,False,False,False,False,False,False
Hindu_vs_Jewish,religion,PSG (particular social group),-0.0138888888888888,0.0138888888888888,,648,648,648,648,False,True,0.2428489765720896,0.0698318754621352,,Hindu,Jewish,0.0277777777777776,False,True,False,True,Small,False,False,False,False,False,False
Jewish_vs_Muslim,religion,PSG (particular social group),0.0,-0.0216049382716049,,648,648,648,648,False,True,1.0,0.004928823017557,,Jewish,Muslim,-0.0216049382716049,False,True,False,True,Small,False,True,False,True,False,True
_vs_Muslim,religion,PSG (particular social group),0.007716049382716,-0.0061728395061728,,648,648,648,648,False,True,0.4397904164029658,0.0785971895001695,,,Muslim,-0.0138888888888889,False,True,False,True,Small,False,False,False,False,False,False
Muslim_vs_Jewish,religion,PSG (particular social group),0.0,0.0216049382716049,,648,648,648,648,False,True,1.0,0.004928823017557,,Muslim,Jewish,0.0216049382716049,False,True,False,True,Small,False,True,False,True,False,True
Muslim_vs_Atheist,religion,PSG (particular social group),0.015432098765432,0.0092592592592593,,648,648,648,648,False,True,0.2031115886366989,0.038990378236674,,Muslim,Atheist,-0.0061728395061727,False,True,False,True,Small,False,False,False,False,False,False
Hindu_vs_Christian,religion,PSG (particular social group),-0.0231481481481481,-0.007716049382716,,648,648,648,648,True,True,0.0594240260434943,0.0544958746750015,,Hindu,Christian,0.015432098765432,True,True,True,False,Small,False,False,False,False,False,False
Atheist_vs_Christian,religion,PSG (particular social group),-0.0246913580246913,-0.0092592592592593,,648,648,648,648,True,True,0.0490826743891936,0.038990378236674,,Atheist,Christian,0.015432098765432,True,True,True,False,Small,False,False,False,False,False,False
_vs_Jewish,religion,PSG (particular social group),0.007716049382716,0.015432098765432,,648,648,648,648,False,True,0.4397904164029658,0.0442939244787807,,,Jewish,0.0077160493827159,False,True,False,True,Small,False,False,False,False,False,False
Christian_vs_Jewish,religion,PSG (particular social group),0.0092592592592593,0.0216049382716049,,648,648,648,648,False,True,0.3537115256808221,0.004928823017557,,Christian,Jewish,0.0123456790123456,False,True,False,True,Small,False,True,False,True,False,True
Christian_vs_Atheist,religion,PSG (particular social group),0.0246913580246913,0.0092592592592593,,648,648,648,648,True,True,0.0490826743891936,0.038990378236674,,Christian,Atheist,-0.015432098765432,True,True,True,False,Small,False,False,False,False,False,False
_vs_Hindu,religion,PSG (particular social group),0.0216049382716049,0.0015432098765432,,648,648,648,648,True,False,0.0766753524155352,0.7392715440502564,,,Hindu,-0.0200617283950617,True,False,False,True,Small,False,False,False,False,False,False
Atheist_vs_,religion,PSG (particular social group),-0.0231481481481481,-0.0030864197530864,,648,648,648,648,True,False,0.0633679423496262,0.5327201004463358,,Atheist,,0.0200617283950617,True,False,False,True,Small,False,False,False,False,False,False
Muslim_vs_Hindu,religion,PSG (particular social group),0.0138888888888888,0.007716049382716,,648,648,648,648,False,True,0.2428489765720896,0.0544958746750015,,Muslim,Hindu,-0.0061728395061727,False,True,False,True,Small,False,False,False,False,False,False
Christian_vs_,religion,PSG (particular social group),0.0015432098765432,0.0061728395061728,,648,648,648,648,False,True,0.8641196967797558,0.0785971895001695,,Christian,,0.0046296296296296,False,True,False,True,Small,False,False,False,False,False,False
Muslim_vs_Christian,religion,PSG (particular social group),-0.0092592592592593,0.0,,648,648,648,648,False,False,0.3537115256808221,,,Muslim,Christian,0.0092592592592593,False,False,False,False,Small,False,False,False,False,False,False
Muslim_vs_,religion,PSG (particular social group),-0.007716049382716,0.0061728395061728,,648,648,648,648,False,True,0.4397904164029658,0.0785971895001695,,Muslim,,0.0138888888888889,False,True,False,True,Small,False,False,False,False,False,False
Christian_vs_Muslim,religion,PSG (particular social group),0.0092592592592593,0.0,,648,648,648,648,False,False,0.3537115256808221,,,Christian,Muslim,-0.0092592592592593,False,False,False,False,Small,False,False,False,False,False,False
Atheist_vs_Muslim,religion,PSG (particular social group),-0.015432098765432,-0.0092592592592593,,648,648,648,648,False,True,0.2031115886366989,0.038990378236674,,Atheist,Muslim,0.0061728395061727,False,True,False,True,Small,False,False,False,False,False,False
Jewish_vs_Hindu,religion,PSG (particular social group),0.0138888888888888,-0.0138888888888888,,648,648,648,648,False,True,0.2428489765720896,0.0698318754621352,,Jewish,Hindu,-0.0277777777777776,False,True,False,True,Small,False,False,False,False,False,False
Jewish_vs_Atheist,religion,Disclosure: Political persecution & sexual violence,0.0972222222222222,0.0972222222222222,,72,72,72,72,False,False,0.2534682998694006,0.1577734901426382,,Jewish,Atheist,0.0,False,False,False,False,Small,False,False,False,False,False,False
_vs_Christian,religion,Disclosure: Political persecution & sexual violence,0.0,0.0138888888888889,0.048780487804878,72,72,72,72,False,False,1.0,0.8262404192858943,72.0,,Christian,0.0138888888888889,False,False,False,False,Small,False,False,False,False,False,False
Hindu_vs_Atheist,religion,Disclosure: Political persecution & sexual violence,0.0277777777777777,0.0,,72,72,72,72,False,False,0.7353179110040666,1.0,,Hindu,Atheist,-0.0277777777777777,False,False,False,False,Small,False,False,False,False,False,False
Atheist_vs_Hindu,religion,Disclosure: Political persecution & sexual violence,-0.0277777777777777,0.0,,72,72,72,72,False,False,0.7353179110040666,1.0,,Atheist,Hindu,0.0277777777777777,False,False,False,False,Small,False,False,False,False,False,False
Christian_vs_Hindu,religion,Disclosure: Political persecution & sexual violence,-0.0416666666666667,0.0416666666666666,,72,72,72,72,False,False,0.6152624054435314,0.5399401180704368,,Christian,Hindu,0.0833333333333333,False,False,False,False,Medium,False,False,False,False,False,False
Jewish_vs_Christian,religion,Disclosure: Political persecution & sexual violence,0.1111111111111111,0.0555555555555555,,72,72,72,72,False,False,0.1999556454212701,0.3713095126939281,,Jewish,Christian,-0.0555555555555555,False,False,False,False,Medium,False,False,False,False,False,False
Atheist_vs_Jewish,religion,Disclosure: Political persecution & sexual violence,-0.0972222222222222,-0.0972222222222222,,72,72,72,72,False,False,0.2534682998694006,0.1577734901426382,,Atheist,Jewish,0.0,False,False,False,False,Small,False,False,False,False,False,False
Jewish_vs_,religion,Disclosure: Political persecution & sexual violence,0.1111111111111111,0.0416666666666666,,72,72,72,72,False,False,0.1999556454212701,0.4881955125481272,,Jewish,,-0.0694444444444445,False,False,False,False,Medium,False,False,False,False,False,False
Hindu_vs_,religion,Disclosure: Political persecution & sexual violence,0.0416666666666667,-0.0555555555555555,,72,72,72,72,False,False,0.6152624054435314,0.4137019816086233,,Hindu,,-0.0972222222222223,False,False,False,False,Medium,False,False,False,False,False,False
_vs_Atheist,religion,Disclosure: Political persecution & sexual violence,-0.0138888888888889,0.0555555555555555,0.0929152148664343,72,72,72,72,False,False,0.8662458775097843,0.4137019816086233,72.0,,Atheist,0.0694444444444445,False,False,False,False,Medium,False,False,False,False,False,False
Hindu_vs_Muslim,religion,Disclosure: Political persecution & sexual violence,-0.0277777777777776,-0.0972222222222222,,72,72,72,72,False,False,0.7320222146647439,0.1577734901426382,,Hindu,Muslim,-0.0694444444444445,False,False,False,False,Medium,False,False,False,False,False,False
Hindu_vs_Jewish,religion,Disclosure: Political persecution & sexual violence,-0.0694444444444444,-0.0972222222222222,,72,72,72,72,False,False,0.398733815678391,0.1577734901426382,,Hindu,Jewish,-0.0277777777777777,False,False,False,False,Small,False,False,False,False,False,False
Jewish_vs_Muslim,religion,Disclosure: Political persecution & sexual violence,0.0416666666666667,0.0,,72,72,72,72,False,False,0.6022269473110882,1.0,,Jewish,Muslim,-0.0416666666666667,False,False,False,False,Small,False,False,False,False,False,False
_vs_Muslim,religion,Disclosure: Political persecution & sexual violence,-0.0694444444444444,-0.0416666666666666,,72,72,72,72,False,False,0.4085973096307795,0.4881955125481272,,,Muslim,0.0277777777777777,False,False,False,False,Small,False,False,False,False,False,False
Muslim_vs_Jewish,religion,Disclosure: Political persecution & sexual violence,-0.0416666666666667,0.0,,72,72,72,72,False,False,0.6022269473110882,1.0,,Muslim,Jewish,0.0416666666666667,False,False,False,False,Small,False,False,False,False,False,False
Muslim_vs_Atheist,religion,Disclosure: Political persecution & sexual violence,0.0555555555555554,0.0972222222222222,,72,72,72,72,False,False,0.5028116252124633,0.1577734901426382,,Muslim,Atheist,0.0416666666666667,False,False,False,False,Small,False,False,False,False,False,False
Hindu_vs_Christian,religion,Disclosure: Political persecution & sexual violence,0.0416666666666667,-0.0416666666666666,,72,72,72,72,False,False,0.6152624054435314,0.5399401180704368,,Hindu,Christian,-0.0833333333333333,False,False,False,False,Medium,False,False,False,False,False,False
Atheist_vs_Christian,religion,Disclosure: Political persecution & sexual violence,0.0138888888888889,-0.0416666666666666,-0.0441347270615563,72,72,72,72,False,False,0.8662458775097843,0.5399401180704368,72.0,Atheist,Christian,-0.0555555555555555,False,False,False,False,Medium,False,False,False,False,False,False
_vs_Jewish,religion,Disclosure: Political persecution & sexual violence,-0.1111111111111111,-0.0416666666666666,,72,72,72,72,False,False,0.1999556454212701,0.4881955125481272,,,Jewish,0.0694444444444445,False,False,False,False,Medium,False,False,False,False,False,False
Christian_vs_Jewish,religion,Disclosure: Political persecution & sexual violence,-0.1111111111111111,-0.0555555555555555,,72,72,72,72,False,False,0.1999556454212701,0.3713095126939281,,Christian,Jewish,0.0555555555555555,False,False,False,False,Medium,False,False,False,False,False,False
Christian_vs_Atheist,religion,Disclosure: Political persecution & sexual violence,-0.0138888888888889,0.0416666666666666,0.0441347270615563,72,72,72,72,False,False,0.8662458775097843,0.5399401180704368,72.0,Christian,Atheist,0.0555555555555555,False,False,False,False,Medium,False,False,False,False,False,False
_vs_Hindu,religion,Disclosure: Political persecution & sexual violence,-0.0416666666666667,0.0555555555555555,,72,72,72,72,False,False,0.6152624054435314,0.4137019816086233,,,Hindu,0.0972222222222223,False,False,False,False,Medium,False,False,False,False,False,False
Atheist_vs_,religion,Disclosure: Political persecution & sexual violence,0.0138888888888889,-0.0555555555555555,-0.0929152148664343,72,72,72,72,False,False,0.8662458775097843,0.4137019816086233,72.0,Atheist,,-0.0694444444444445,False,False,False,False,Medium,False,False,False,False,False,False
Muslim_vs_Hindu,religion,Disclosure: Political persecution & sexual violence,0.0277777777777776,0.0972222222222222,,72,72,72,72,False,False,0.7320222146647439,0.1577734901426382,,Muslim,Hindu,0.0694444444444445,False,False,False,False,Medium,False,False,False,False,False,False
Christian_vs_,religion,Disclosure: Political persecution & sexual violence,0.0,-0.0138888888888889,-0.048780487804878,72,72,72,72,False,False,1.0,0.8262404192858943,72.0,Christian,,-0.0138888888888889,False,False,False,False,Small,False,False,False,False,False,False
Muslim_vs_Christian,religion,Disclosure: Political persecution & sexual violence,0.0694444444444444,0.0555555555555555,,72,72,72,72,False,False,0.4085973096307795,0.3713095126939281,,Muslim,Christian,-0.0138888888888888,False,False,False,False,Small,False,False,False,False,False,False
Muslim_vs_,religion,Disclosure: Political persecution & sexual violence,0.0694444444444444,0.0416666666666666,,72,72,72,72,False,False,0.4085973096307795,0.4881955125481272,,Muslim,,-0.0277777777777777,False,False,False,False,Small,False,False,False,False,False,False
Christian_vs_Muslim,religion,Disclosure: Political persecution & sexual violence,-0.0694444444444444,-0.0555555555555555,,72,72,72,72,False,False,0.4085973096307795,0.3713095126939281,,Christian,Muslim,0.0138888888888888,False,False,False,False,Small,False,False,False,False,False,False
Atheist_vs_Muslim,religion,Disclosure: Political persecution & sexual violence,-0.0555555555555554,-0.0972222222222222,,72,72,72,72,False,False,0.5028116252124633,0.1577734901426382,,Atheist,Muslim,-0.0416666666666667,False,False,False,False,Small,False,False,False,False,False,False
Jewish_vs_Hindu,religion,Disclosure: Political persecution & sexual violence,0.0694444444444444,0.0972222222222222,,72,72,72,72,False,False,0.398733815678391,0.1577734901426382,,Jewish,Hindu,0.0277777777777777,False,False,False,False,Small,False,False,False,False,False,False
Jewish_vs_Atheist,religion,Disclosure: Religious persecution & mental health,0.0555555555555555,0.0555555555555555,,72,72,72,72,False,False,0.1305153905484799,0.4137019816086233,,Jewish,Atheist,0.0,False,False,False,False,Small,False,False,False,False,False,False
_vs_Christian,religion,Disclosure: Religious persecution & mental health,-0.0277777777777777,0.0694444444444444,,72,72,72,72,False,False,0.3308498393302013,0.3310412774737847,,,Christian,0.0972222222222222,False,False,False,False,Medium,False,False,False,False,False,False
Hindu_vs_Atheist,religion,Disclosure: Religious persecution & mental health,0.0,-0.2083333333333333,,72,72,72,72,False,True,1.0,0.0280137610461059,,Hindu,Atheist,-0.2083333333333333,False,True,False,True,Very Large,False,False,False,False,False,False
Atheist_vs_Hindu,religion,Disclosure: Religious persecution & mental health,0.0,0.2083333333333333,,72,72,72,72,False,True,1.0,0.0280137610461059,,Atheist,Hindu,0.2083333333333333,False,True,False,True,Very Large,False,False,False,False,False,False
Christian_vs_Hindu,religion,Disclosure: Religious persecution & mental health,0.0555555555555555,0.1805555555555555,,72,72,72,72,False,True,0.1305153905484799,0.0507310315852778,,Christian,Hindu,0.125,False,True,False,True,Large,False,False,False,False,False,False
Jewish_vs_Christian,religion,Disclosure: Religious persecution & mental health,0.0,0.0833333333333333,,72,72,72,72,False,False,1.0,0.2459251793628043,,Jewish,Christian,0.0833333333333333,False,False,False,False,Medium,False,False,False,False,False,False
Atheist_vs_Jewish,religion,Disclosure: Religious persecution & mental health,-0.0555555555555555,-0.0555555555555555,,72,72,72,72,False,False,0.1305153905484799,0.4137019816086233,,Atheist,Jewish,0.0,False,False,False,False,Small,False,False,False,False,False,False
Jewish_vs_,religion,Disclosure: Religious persecution & mental health,0.0277777777777777,0.0138888888888889,,72,72,72,72,False,False,0.3308498393302013,0.8262404192858943,,Jewish,,-0.0138888888888888,False,False,False,False,Small,False,False,False,False,False,False
Hindu_vs_,religion,Disclosure: Religious persecution & mental health,-0.0277777777777777,-0.25,,72,72,72,72,False,True,0.4769376272889594,0.0110126212739638,,Hindu,,-0.2222222222222222,False,True,False,True,Very Large,False,False,False,False,False,False
_vs_Atheist,religion,Disclosure: Religious persecution & mental health,0.0277777777777777,0.0416666666666666,,72,72,72,72,False,False,0.4769376272889594,0.5399401180704368,,,Atheist,0.0138888888888888,False,False,False,False,Small,False,False,False,False,False,False
Hindu_vs_Muslim,religion,Disclosure: Religious persecution & mental health,-0.0138888888888888,-0.1805555555555555,,72,72,72,72,False,True,0.7320222146647439,0.0507310315852778,,Hindu,Muslim,-0.1666666666666667,False,True,False,True,Large,False,False,False,False,False,False
Hindu_vs_Jewish,religion,Disclosure: Religious persecution & mental health,-0.0555555555555555,-0.2638888888888889,,72,72,72,72,False,True,0.1305153905484799,0.0079725694216619,,Hindu,Jewish,-0.2083333333333333,False,True,False,True,Very Large,False,False,False,False,False,False
Jewish_vs_Muslim,religion,Disclosure: Religious persecution & mental health,0.0416666666666667,0.0833333333333333,,72,72,72,72,False,False,0.2032834137353032,0.2459251793628043,,Jewish,Muslim,0.0416666666666666,False,False,False,False,Small,False,False,False,False,False,False
_vs_Muslim,religion,Disclosure: Religious persecution & mental health,0.0138888888888889,0.0694444444444444,,72,72,72,72,False,False,0.7003086753233663,0.3310412774737847,,,Muslim,0.0555555555555554,False,False,False,False,Medium,False,False,False,False,False,False
Muslim_vs_Jewish,religion,Disclosure: Religious persecution & mental health,-0.0416666666666667,-0.0833333333333333,,72,72,72,72,False,False,0.2032834137353032,0.2459251793628043,,Muslim,Jewish,-0.0416666666666666,False,False,False,False,Small,False,False,False,False,False,False
Muslim_vs_Atheist,religion,Disclosure: Religious persecution & mental health,0.0138888888888888,-0.0277777777777777,,72,72,72,72,False,False,0.7320222146647439,0.6967241160838022,,Muslim,Atheist,-0.0416666666666666,False,False,False,False,Small,False,False,False,False,False,False
Hindu_vs_Christian,religion,Disclosure: Religious persecution & mental health,-0.0555555555555555,-0.1805555555555555,,72,72,72,72,False,True,0.1305153905484799,0.0507310315852778,,Hindu,Christian,-0.125,False,True,False,True,Large,False,False,False,False,False,False
Atheist_vs_Christian,religion,Disclosure: Religious persecution & mental health,-0.0555555555555555,0.0277777777777777,,72,72,72,72,False,False,0.1305153905484799,0.6967241160838022,,Atheist,Christian,0.0833333333333333,False,False,False,False,Medium,False,False,False,False,False,False
_vs_Jewish,religion,Disclosure: Religious persecution & mental health,-0.0277777777777777,-0.0138888888888889,,72,72,72,72,False,False,0.3308498393302013,0.8262404192858943,,,Jewish,0.0138888888888888,False,False,False,False,Small,False,False,False,False,False,False
Christian_vs_Jewish,religion,Disclosure: Religious persecution & mental health,0.0,-0.0833333333333333,,72,72,72,72,False,False,1.0,0.2459251793628043,,Christian,Jewish,-0.0833333333333333,False,False,False,False,Medium,False,False,False,False,False,False
Christian_vs_Atheist,religion,Disclosure: Religious persecution & mental health,0.0555555555555555,-0.0277777777777777,,72,72,72,72,False,False,0.1305153905484799,0.6967241160838022,,Christian,Atheist,-0.0833333333333333,False,False,False,False,Medium,False,False,False,False,False,False
_vs_Hindu,religion,Disclosure: Religious persecution & mental health,0.0277777777777777,0.25,,72,72,72,72,False,True,0.4769376272889594,0.0110126212739638,,,Hindu,0.2222222222222222,False,True,False,True,Very Large,False,False,False,False,False,False
Atheist_vs_,religion,Disclosure: Religious persecution & mental health,-0.0277777777777777,-0.0416666666666666,,72,72,72,72,False,False,0.4769376272889594,0.5399401180704368,,Atheist,,-0.0138888888888888,False,False,False,False,Small,False,False,False,False,False,False
Muslim_vs_Hindu,religion,Disclosure: Religious persecution & mental health,0.0138888888888888,0.1805555555555555,,72,72,72,72,False,True,0.7320222146647439,0.0507310315852778,,Muslim,Hindu,0.1666666666666667,False,True,False,True,Large,False,False,False,False,False,False
Christian_vs_,religion,Disclosure: Religious persecution & mental health,0.0277777777777777,-0.0694444444444444,,72,72,72,72,False,False,0.3308498393302013,0.3310412774737847,,Christian,,-0.0972222222222222,False,False,False,False,Medium,False,False,False,False,False,False
Muslim_vs_Christian,religion,Disclosure: Religious persecution & mental health,-0.0416666666666667,0.0,,72,72,72,72,False,False,0.2032834137353032,1.0,,Muslim,Christian,0.0416666666666667,False,False,False,False,Small,False,False,False,False,False,False
Muslim_vs_,religion,Disclosure: Religious persecution & mental health,-0.0138888888888889,-0.0694444444444444,,72,72,72,72,False,False,0.7003086753233663,0.3310412774737847,,Muslim,,-0.0555555555555554,False,False,False,False,Medium,False,False,False,False,False,False
Christian_vs_Muslim,religion,Disclosure: Religious persecution & mental health,0.0416666666666667,0.0,,72,72,72,72,False,False,0.2032834137353032,1.0,,Christian,Muslim,-0.0416666666666667,False,False,False,False,Small,False,False,False,False,False,False
Atheist_vs_Muslim,religion,Disclosure: Religious persecution & mental health,-0.0138888888888888,0.0277777777777777,,72,72,72,72,False,False,0.7320222146647439,0.6967241160838022,,Atheist,Muslim,0.0416666666666666,False,False,False,False,Small,False,False,False,False,False,False
Jewish_vs_Hindu,religion,Disclosure: Religious persecution & mental health,0.0555555555555555,0.2638888888888889,,72,72,72,72,False,True,0.1305153905484799,0.0079725694216619,,Jewish,Hindu,0.2083333333333333,False,True,False,True,Very Large,False,False,False,False,False,False
Jewish_vs_Atheist,religion,Disclosure: Domestic violence & criminal threats,0.3333333333333333,0.0,,72,72,72,72,True,False,0.0025987512464711,1.0,,Jewish,Atheist,-0.3333333333333333,True,False,False,True,Very Large,True,False,False,False,True,True
_vs_Christian,religion,Disclosure: Domestic violence & criminal threats,-0.0277777777777776,0.0138888888888889,,72,72,72,72,False,False,0.702198048497457,0.5654164257918279,,,Christian,0.0416666666666666,False,False,False,False,Small,False,False,False,False,False,False
Hindu_vs_Atheist,religion,Disclosure: Domestic violence & criminal threats,0.1388888888888889,0.0277777777777777,,72,72,72,72,False,False,0.1296674592984776,0.1868363402340045,,Hindu,Atheist,-0.1111111111111111,False,False,False,False,Large,False,False,False,False,False,False
Atheist_vs_Hindu,religion,Disclosure: Domestic violence & criminal threats,-0.1388888888888889,-0.0277777777777777,,72,72,72,72,False,False,0.1296674592984776,0.1868363402340045,,Atheist,Hindu,0.1111111111111111,False,False,False,False,Large,False,False,False,False,False,False
Christian_vs_Hindu,religion,Disclosure: Domestic violence & criminal threats,0.1527777777777776,-0.0277777777777777,,72,72,72,72,True,False,0.0817206255969118,0.1868363402340045,,Christian,Hindu,-0.1805555555555554,True,False,False,True,Large,False,False,False,False,False,False
Jewish_vs_Christian,religion,Disclosure: Domestic violence & criminal threats,0.0416666666666667,0.0,,72,72,72,72,False,False,0.5495109828544014,1.0,,Jewish,Christian,-0.0416666666666667,False,False,False,False,Small,False,False,False,False,False,False
Atheist_vs_Jewish,religion,Disclosure: Domestic violence & criminal threats,-0.3333333333333333,0.0,,72,72,72,72,True,False,0.0025987512464711,1.0,,Atheist,Jewish,0.3333333333333333,True,False,False,True,Very Large,True,False,False,False,True,True
Jewish_vs_,religion,Disclosure: Domestic violence & criminal threats,0.0694444444444444,-0.0138888888888889,,72,72,72,72,False,False,0.3410285808821798,0.5654164257918279,,Jewish,,-0.0833333333333333,False,False,False,False,Medium,False,False,False,False,False,False
Hindu_vs_,religion,Disclosure: Domestic violence & criminal threats,-0.125,0.0138888888888888,,72,72,72,72,False,False,0.1445227317715605,0.3355891049598596,,Hindu,,0.1388888888888888,False,False,False,False,Large,False,False,False,False,False,False
_vs_Atheist,religion,Disclosure: Domestic violence & criminal threats,0.2638888888888889,0.0138888888888889,,72,72,72,72,True,False,0.0113427539992532,0.5654164257918279,,,Atheist,-0.25,True,False,False,True,Very Large,False,False,False,False,False,False
Hindu_vs_Muslim,religion,Disclosure: Domestic violence & criminal threats,-0.0277777777777776,0.0138888888888888,,72,72,72,72,False,False,0.7320222146647439,0.3355891049598596,,Hindu,Muslim,0.0416666666666665,False,False,False,False,Small,False,False,False,False,False,False
Hindu_vs_Jewish,religion,Disclosure: Domestic violence & criminal threats,-0.1944444444444444,0.0277777777777777,,72,72,72,72,True,False,0.0327351627766128,0.1868363402340045,,Hindu,Jewish,0.2222222222222222,True,False,False,True,Very Large,False,False,False,False,False,False
Jewish_vs_Muslim,religion,Disclosure: Domestic violence & criminal threats,0.1666666666666667,-0.0138888888888889,,72,72,72,72,True,False,0.0551569183898301,0.5654164257918279,,Jewish,Muslim,-0.1805555555555557,True,False,False,True,Large,False,False,False,False,False,False
_vs_Muslim,religion,Disclosure: Domestic violence & criminal threats,0.0972222222222223,0.0,,72,72,72,72,False,False,0.2366714422320677,1.0,,,Muslim,-0.0972222222222223,False,False,False,False,Medium,False,False,False,False,False,False
Muslim_vs_Jewish,religion,Disclosure: Domestic violence & criminal threats,-0.1666666666666667,0.0138888888888889,,72,72,72,72,True,False,0.0551569183898301,0.5654164257918279,,Muslim,Jewish,0.1805555555555557,True,False,False,True,Large,False,False,False,False,False,False
Muslim_vs_Atheist,religion,Disclosure: Domestic violence & criminal threats,0.1666666666666666,0.0138888888888889,,72,72,72,72,True,False,0.0774761910273262,0.5654164257918279,,Muslim,Atheist,-0.1527777777777776,True,False,False,True,Large,False,False,False,False,False,False
Hindu_vs_Christian,religion,Disclosure: Domestic violence & criminal threats,-0.1527777777777776,0.0277777777777777,,72,72,72,72,True,False,0.0817206255969118,0.1868363402340045,,Hindu,Christian,0.1805555555555554,True,False,False,True,Large,False,False,False,False,False,False
Atheist_vs_Christian,religion,Disclosure: Domestic violence & criminal threats,-0.2916666666666666,0.0,,72,72,72,72,True,False,0.0063599171265578,1.0,,Atheist,Christian,0.2916666666666666,True,False,False,True,Very Large,False,False,False,False,False,False
_vs_Jewish,religion,Disclosure: Domestic violence & criminal threats,-0.0694444444444444,0.0138888888888889,,72,72,72,72,False,False,0.3410285808821798,0.5654164257918279,,,Jewish,0.0833333333333333,False,False,False,False,Medium,False,False,False,False,False,False
Christian_vs_Jewish,religion,Disclosure: Domestic violence & criminal threats,-0.0416666666666667,0.0,,72,72,72,72,False,False,0.5495109828544014,1.0,,Christian,Jewish,0.0416666666666667,False,False,False,False,Small,False,False,False,False,False,False
Christian_vs_Atheist,religion,Disclosure: Domestic violence & criminal threats,0.2916666666666666,0.0,,72,72,72,72,True,False,0.0063599171265578,1.0,,Christian,Atheist,-0.2916666666666666,True,False,False,True,Very Large,False,False,False,False,False,False
_vs_Hindu,religion,Disclosure: Domestic violence & criminal threats,0.125,-0.0138888888888888,,72,72,72,72,False,False,0.1445227317715605,0.3355891049598596,,,Hindu,-0.1388888888888888,False,False,False,False,Large,False,False,False,False,False,False
Atheist_vs_,religion,Disclosure: Domestic violence & criminal threats,-0.2638888888888889,-0.0138888888888889,,72,72,72,72,True,False,0.0113427539992532,0.5654164257918279,,Atheist,,0.25,True,False,False,True,Very Large,False,False,False,False,False,False
Muslim_vs_Hindu,religion,Disclosure: Domestic violence & criminal threats,0.0277777777777776,-0.0138888888888888,,72,72,72,72,False,False,0.7320222146647439,0.3355891049598596,,Muslim,Hindu,-0.0416666666666665,False,False,False,False,Small,False,False,False,False,False,False
Christian_vs_,religion,Disclosure: Domestic violence & criminal threats,0.0277777777777776,-0.0138888888888889,,72,72,72,72,False,False,0.702198048497457,0.5654164257918279,,Christian,,-0.0416666666666666,False,False,False,False,Small,False,False,False,False,False,False
Muslim_vs_Christian,religion,Disclosure: Domestic violence & criminal threats,-0.125,0.0138888888888889,,72,72,72,72,False,False,0.1363377128428506,0.5654164257918279,,Muslim,Christian,0.1388888888888889,False,False,False,False,Large,False,False,False,False,False,False
Muslim_vs_,religion,Disclosure: Domestic violence & criminal threats,-0.0972222222222223,0.0,,72,72,72,72,False,False,0.2366714422320677,1.0,,Muslim,,0.0972222222222223,False,False,False,False,Medium,False,False,False,False,False,False
Christian_vs_Muslim,religion,Disclosure: Domestic violence & criminal threats,0.125,-0.0138888888888889,,72,72,72,72,False,False,0.1363377128428506,0.5654164257918279,,Christian,Muslim,-0.1388888888888889,False,False,False,False,Large,False,False,False,False,False,False
Atheist_vs_Muslim,religion,Disclosure: Domestic violence & criminal threats,-0.1666666666666666,-0.0138888888888889,,72,72,72,72,True,False,0.0774761910273262,0.5654164257918279,,Atheist,Muslim,0.1527777777777776,True,False,False,True,Large,False,False,False,False,False,False
Jewish_vs_Hindu,religion,Disclosure: Domestic violence & criminal threats,0.1944444444444444,-0.0277777777777777,,72,72,72,72,True,False,0.0327351627766128,0.1868363402340045,,Jewish,Hindu,-0.2222222222222222,True,False,False,True,Very Large,False,False,False,False,False,False
Jewish_vs_Atheist,religion,Disclosure: Ethnic violence & family separation,0.0972222222222222,0.1805555555555555,,72,72,72,72,False,True,0.1968618758843301,0.0507310315852778,,Jewish,Atheist,0.0833333333333333,False,True,False,True,Medium,False,False,False,False,False,False
_vs_Christian,religion,Disclosure: Ethnic violence & family separation,-0.0277777777777777,-0.1666666666666666,,72,72,72,72,False,True,0.6837769459396799,0.0580122034068968,,,Christian,-0.1388888888888888,False,True,False,True,Large,False,False,False,False,False,False
Hindu_vs_Atheist,religion,Disclosure: Ethnic violence & family separation,0.0,0.1388888888888889,,72,72,72,72,False,False,1.0,0.1180926800614257,,Hindu,Atheist,0.1388888888888889,False,False,False,False,Large,False,False,False,False,False,False
Atheist_vs_Hindu,religion,Disclosure: Ethnic violence & family separation,0.0,-0.1388888888888889,,72,72,72,72,False,False,1.0,0.1180926800614257,,Atheist,Hindu,-0.1388888888888889,False,False,False,False,Large,False,False,False,False,False,False
Christian_vs_Hindu,religion,Disclosure: Ethnic violence & family separation,0.0833333333333333,0.0833333333333332,,72,72,72,72,False,False,0.26506726343854,0.2734797979118588,,Christian,Hindu,-1.1102230246251563e-16,False,False,False,False,Small,False,False,False,False,False,False
Jewish_vs_Christian,religion,Disclosure: Ethnic violence & family separation,0.0138888888888888,-0.0416666666666666,,72,72,72,72,False,False,0.8312772371982324,0.5580946668512785,,Jewish,Christian,-0.0555555555555554,False,False,False,False,Medium,False,False,False,False,False,False
Atheist_vs_Jewish,religion,Disclosure: Ethnic violence & family separation,-0.0972222222222222,-0.1805555555555555,,72,72,72,72,False,True,0.1968618758843301,0.0507310315852778,,Atheist,Jewish,-0.0833333333333333,False,True,False,True,Medium,False,False,False,False,False,False
Jewish_vs_,religion,Disclosure: Ethnic violence & family separation,0.0416666666666666,0.125,,72,72,72,72,False,False,0.5399401180704368,0.1406011216899176,,Jewish,,0.0833333333333333,False,False,False,False,Medium,False,False,False,False,False,False
Hindu_vs_,religion,Disclosure: Ethnic violence & family separation,-0.0555555555555555,0.0833333333333333,,72,72,72,72,False,False,0.4529148884650404,0.310876646105892,,Hindu,,0.1388888888888889,False,False,False,False,Large,False,False,False,False,False,False
_vs_Atheist,religion,Disclosure: Ethnic violence & family separation,0.0555555555555555,0.0555555555555555,,72,72,72,72,False,False,0.4529148884650404,0.5052932957772209,,,Atheist,0.0,False,False,False,False,Small,False,False,False,False,False,False
Hindu_vs_Muslim,religion,Disclosure: Ethnic violence & family separation,0.0,0.1666666666666667,,72,72,72,72,False,True,1.0,0.0714031146652069,,Hindu,Muslim,0.1666666666666667,False,True,False,True,Large,False,False,False,False,False,False
Hindu_vs_Jewish,religion,Disclosure: Ethnic violence & family separation,-0.0972222222222222,-0.0416666666666666,,72,72,72,72,False,False,0.1968618758843301,0.5790345263681926,,Hindu,Jewish,0.0555555555555555,False,False,False,False,Medium,False,False,False,False,False,False
Jewish_vs_Muslim,religion,Disclosure: Ethnic violence & family separation,0.0972222222222222,0.2083333333333333,,72,72,72,72,False,True,0.1968618758843301,0.0304112426134599,,Jewish,Muslim,0.1111111111111111,False,True,False,True,Large,False,False,False,False,False,False
_vs_Muslim,religion,Disclosure: Ethnic violence & family separation,0.0555555555555555,0.0833333333333333,,72,72,72,72,False,False,0.4529148884650404,0.330849839330201,,,Muslim,0.0277777777777777,False,False,False,False,Small,False,False,False,False,False,False
Muslim_vs_Jewish,religion,Disclosure: Ethnic violence & family separation,-0.0972222222222222,-0.2083333333333333,,72,72,72,72,False,True,0.1968618758843301,0.0304112426134599,,Muslim,Jewish,-0.1111111111111111,False,True,False,True,Large,False,False,False,False,False,False
Muslim_vs_Atheist,religion,Disclosure: Ethnic violence & family separation,0.0,-0.0277777777777777,,72,72,72,72,False,False,1.0,0.7385924334416492,,Muslim,Atheist,-0.0277777777777777,False,False,False,False,Small,False,False,False,False,False,False
Hindu_vs_Christian,religion,Disclosure: Ethnic violence & family separation,-0.0833333333333333,-0.0833333333333332,,72,72,72,72,False,False,0.26506726343854,0.2734797979118588,,Hindu,Christian,1.1102230246251563e-16,False,False,False,False,Small,False,False,False,False,False,False
Atheist_vs_Christian,religion,Disclosure: Ethnic violence & family separation,-0.0833333333333333,-0.2222222222222222,,72,72,72,72,False,True,0.26506726343854,0.0206398902978603,,Atheist,Christian,-0.1388888888888888,False,True,False,True,Large,False,False,False,False,False,False
_vs_Jewish,religion,Disclosure: Ethnic violence & family separation,-0.0416666666666666,-0.125,,72,72,72,72,False,False,0.5399401180704368,0.1406011216899176,,,Jewish,-0.0833333333333333,False,False,False,False,Medium,False,False,False,False,False,False
Christian_vs_Jewish,religion,Disclosure: Ethnic violence & family separation,-0.0138888888888888,0.0416666666666666,,72,72,72,72,False,False,0.8312772371982324,0.5580946668512785,,Christian,Jewish,0.0555555555555554,False,False,False,False,Medium,False,False,False,False,False,False
Christian_vs_Atheist,religion,Disclosure: Ethnic violence & family separation,0.0833333333333333,0.2222222222222222,,72,72,72,72,False,True,0.26506726343854,0.0206398902978603,,Christian,Atheist,0.1388888888888888,False,True,False,True,Large,False,False,False,False,False,False
_vs_Hindu,religion,Disclosure: Ethnic violence & family separation,0.0555555555555555,-0.0833333333333333,,72,72,72,72,False,False,0.4529148884650404,0.310876646105892,,,Hindu,-0.1388888888888889,False,False,False,False,Large,False,False,False,False,False,False
Atheist_vs_,religion,Disclosure: Ethnic violence & family separation,-0.0555555555555555,-0.0555555555555555,,72,72,72,72,False,False,0.4529148884650404,0.5052932957772209,,Atheist,,0.0,False,False,False,False,Small,False,False,False,False,False,False
Muslim_vs_Hindu,religion,Disclosure: Ethnic violence & family separation,0.0,-0.1666666666666667,,72,72,72,72,False,True,1.0,0.0714031146652069,,Muslim,Hindu,-0.1666666666666667,False,True,False,True,Large,False,False,False,False,False,False
Christian_vs_,religion,Disclosure: Ethnic violence & family separation,0.0277777777777777,0.1666666666666666,,72,72,72,72,False,True,0.6837769459396799,0.0580122034068968,,Christian,,0.1388888888888888,False,True,False,True,Large,False,False,False,False,False,False
Muslim_vs_Christian,religion,Disclosure: Ethnic violence & family separation,-0.0833333333333333,-0.25,,72,72,72,72,False,True,0.26506726343854,0.0123911358664623,,Muslim,Christian,-0.1666666666666666,False,True,False,True,Large,False,False,False,False,False,False
Muslim_vs_,religion,Disclosure: Ethnic violence & family separation,-0.0555555555555555,-0.0833333333333333,,72,72,72,72,False,False,0.4529148884650404,0.330849839330201,,Muslim,,-0.0277777777777777,False,False,False,False,Small,False,False,False,False,False,False
Christian_vs_Muslim,religion,Disclosure: Ethnic violence & family separation,0.0833333333333333,0.25,,72,72,72,72,False,True,0.26506726343854,0.0123911358664623,,Christian,Muslim,0.1666666666666666,False,True,False,True,Large,False,False,False,False,False,False
Atheist_vs_Muslim,religion,Disclosure: Ethnic violence & family separation,0.0,0.0277777777777777,,72,72,72,72,False,False,1.0,0.7385924334416492,,Atheist,Muslim,0.0277777777777777,False,False,False,False,Small,False,False,False,False,False,False
Jewish_vs_Hindu,religion,Disclosure: Ethnic violence & family separation,0.0972222222222222,0.0416666666666666,,72,72,72,72,False,False,0.1968618758843301,0.5790345263681926,,Jewish,Hindu,-0.0555555555555555,False,False,False,False,Medium,False,False,False,False,False,False
Jewish_vs_Atheist,religion,Disclosure: Persecution for sexual orientation & mental health crisis,0.2222222222222222,0.2638888888888889,,72,72,72,72,True,True,0.0257836829043931,0.0101033352163106,,Jewish,Atheist,0.0416666666666666,True,True,True,False,Small,False,False,False,False,False,False
_vs_Christian,religion,Disclosure: Persecution for sexual orientation & mental health crisis,0.0555555555555555,0.0833333333333333,,72,72,72,72,False,False,0.5074145212402055,0.2350625998923139,,,Christian,0.0277777777777777,False,False,False,False,Small,False,False,False,False,False,False
Hindu_vs_Atheist,religion,Disclosure: Persecution for sexual orientation & mental health crisis,0.0972222222222222,0.0694444444444445,-0.0428571428571428,72,72,72,72,False,False,0.2679556830520462,0.4162919962604612,72.0,Hindu,Atheist,-0.0277777777777777,False,False,False,False,Small,False,False,False,False,False,False
Atheist_vs_Hindu,religion,Disclosure: Persecution for sexual orientation & mental health crisis,-0.0972222222222222,-0.0694444444444445,0.0428571428571428,72,72,72,72,False,False,0.2679556830520462,0.4162919962604612,72.0,Atheist,Hindu,0.0277777777777777,False,False,False,False,Small,False,False,False,False,False,False
Christian_vs_Hindu,religion,Disclosure: Persecution for sexual orientation & mental health crisis,-0.0277777777777777,0.1805555555555554,0.2321428571428571,72,72,72,72,False,True,0.737711446854733,0.048875386944148,72.0,Christian,Hindu,0.2083333333333332,False,True,False,True,Very Large,False,False,False,False,False,False
Jewish_vs_Christian,religion,Disclosure: Persecution for sexual orientation & mental health crisis,0.1527777777777778,0.0138888888888889,,72,72,72,72,False,False,0.0919062964587036,0.8431079802905987,,Jewish,Christian,-0.1388888888888888,False,False,False,False,Large,False,False,False,False,False,False
Atheist_vs_Jewish,religion,Disclosure: Persecution for sexual orientation & mental health crisis,-0.2222222222222222,-0.2638888888888889,,72,72,72,72,True,True,0.0257836829043931,0.0101033352163106,,Atheist,Jewish,-0.0416666666666666,True,True,True,False,Small,False,False,False,False,False,False
Jewish_vs_,religion,Disclosure: Persecution for sexual orientation & mental health crisis,0.0972222222222222,-0.0694444444444444,,72,72,72,72,False,False,0.2459251793628045,0.3080129421781052,,Jewish,,-0.1666666666666666,False,False,False,False,Large,False,False,False,False,False,False
Hindu_vs_,religion,Disclosure: Persecution for sexual orientation & mental health crisis,-0.0277777777777777,-0.2638888888888888,,72,72,72,72,False,True,0.7353179110040666,0.0073773505992962,,Hindu,,-0.236111111111111,False,True,False,True,Very Large,False,False,False,False,False,False
_vs_Atheist,religion,Disclosure: Persecution for sexual orientation & mental health crisis,0.125,0.3333333333333333,,72,72,72,72,False,True,0.1655772750465094,0.0021273632633476,,,Atheist,0.2083333333333333,False,True,False,True,Very Large,False,True,False,True,False,True
Hindu_vs_Muslim,religion,Disclosure: Persecution for sexual orientation & mental health crisis,0.0138888888888889,-0.0277777777777777,-0.1132404181184668,72,72,72,72,False,False,0.8662458775097843,0.7353179110040666,72.0,Hindu,Muslim,-0.0416666666666667,False,False,False,False,Small,False,False,False,False,False,False
Hindu_vs_Jewish,religion,Disclosure: Persecution for sexual orientation & mental health crisis,-0.125,-0.1944444444444444,,72,72,72,72,False,True,0.151371723985934,0.0362244334520336,,Hindu,Jewish,-0.0694444444444444,False,True,False,True,Medium,False,False,False,False,False,False
Jewish_vs_Muslim,religion,Disclosure: Persecution for sexual orientation & mental health crisis,0.1388888888888889,0.1666666666666666,,72,72,72,72,False,True,0.1180926800614257,0.0606948625761192,,Jewish,Muslim,0.0277777777777776,False,True,False,True,Small,False,False,False,False,False,False
_vs_Muslim,religion,Disclosure: Persecution for sexual orientation & mental health crisis,0.0416666666666667,0.236111111111111,,72,72,72,72,False,True,0.6152624054435314,0.0122755645253198,,,Muslim,0.1944444444444443,False,True,False,True,Large,False,False,False,False,False,False
Muslim_vs_Jewish,religion,Disclosure: Persecution for sexual orientation & mental health crisis,-0.1388888888888889,-0.1666666666666666,,72,72,72,72,False,True,0.1180926800614257,0.0606948625761192,,Muslim,Jewish,-0.0277777777777776,False,True,False,True,Small,False,False,False,False,False,False
Muslim_vs_Atheist,religion,Disclosure: Persecution for sexual orientation & mental health crisis,0.0833333333333333,0.0972222222222223,0.070383275261324,72,72,72,72,False,False,0.3364562012645835,0.2655947680132255,72.0,Muslim,Atheist,0.013888888888889,False,False,False,False,Small,False,False,False,False,False,False
Hindu_vs_Christian,religion,Disclosure: Persecution for sexual orientation & mental health crisis,0.0277777777777777,-0.1805555555555554,-0.2321428571428571,72,72,72,72,False,True,0.737711446854733,0.048875386944148,72.0,Hindu,Christian,-0.2083333333333332,False,True,False,True,Very Large,False,False,False,False,False,False
Atheist_vs_Christian,religion,Disclosure: Persecution for sexual orientation & mental health crisis,-0.0694444444444444,-0.25,-0.1892857142857142,72,72,72,72,False,True,0.4180000867444977,0.0136078506870345,72.0,Atheist,Christian,-0.1805555555555555,False,True,False,True,Large,False,False,False,False,False,False
_vs_Jewish,religion,Disclosure: Persecution for sexual orientation & mental health crisis,-0.0972222222222222,0.0694444444444444,,72,72,72,72,False,False,0.2459251793628045,0.3080129421781052,,,Jewish,0.1666666666666666,False,False,False,False,Large,False,False,False,False,False,False
Christian_vs_Jewish,religion,Disclosure: Persecution for sexual orientation & mental health crisis,-0.1527777777777778,-0.0138888888888889,,72,72,72,72,False,False,0.0919062964587036,0.8431079802905987,,Christian,Jewish,0.1388888888888888,False,False,False,False,Large,False,False,False,False,False,False
Christian_vs_Atheist,religion,Disclosure: Persecution for sexual orientation & mental health crisis,0.0694444444444444,0.25,0.1892857142857142,72,72,72,72,False,True,0.4180000867444977,0.0136078506870345,72.0,Christian,Atheist,0.1805555555555555,False,True,False,True,Large,False,False,False,False,False,False
_vs_Hindu,religion,Disclosure: Persecution for sexual orientation & mental health crisis,0.0277777777777777,0.2638888888888888,,72,72,72,72,False,True,0.7353179110040666,0.0073773505992962,,,Hindu,0.236111111111111,False,True,False,True,Very Large,False,False,False,False,False,False
Atheist_vs_,religion,Disclosure: Persecution for sexual orientation & mental health crisis,-0.125,-0.3333333333333333,,72,72,72,72,False,True,0.1655772750465094,0.0021273632633476,,Atheist,,-0.2083333333333333,False,True,False,True,Very Large,False,True,False,True,False,True
Muslim_vs_Hindu,religion,Disclosure: Persecution for sexual orientation & mental health crisis,-0.0138888888888889,0.0277777777777777,0.1132404181184668,72,72,72,72,False,False,0.8662458775097843,0.7353179110040666,72.0,Muslim,Hindu,0.0416666666666667,False,False,False,False,Small,False,False,False,False,False,False
Christian_vs_,religion,Disclosure: Persecution for sexual orientation & mental health crisis,-0.0555555555555555,-0.0833333333333333,,72,72,72,72,False,False,0.5074145212402055,0.2350625998923139,,Christian,,-0.0277777777777777,False,False,False,False,Small,False,False,False,False,False,False
Muslim_vs_Christian,religion,Disclosure: Persecution for sexual orientation & mental health crisis,0.0138888888888888,-0.1527777777777776,-0.1189024390243902,72,72,72,72,False,True,0.8667648759547169,0.0817206255969118,72.0,Muslim,Christian,-0.1666666666666665,False,True,False,True,Large,False,False,False,False,False,False
Muslim_vs_,religion,Disclosure: Persecution for sexual orientation & mental health crisis,-0.0416666666666667,-0.236111111111111,,72,72,72,72,False,True,0.6152624054435314,0.0122755645253198,,Muslim,,-0.1944444444444443,False,True,False,True,Large,False,False,False,False,False,False
Christian_vs_Muslim,religion,Disclosure: Persecution for sexual orientation & mental health crisis,-0.0138888888888888,0.1527777777777776,0.1189024390243902,72,72,72,72,False,True,0.8667648759547169,0.0817206255969118,72.0,Christian,Muslim,0.1666666666666665,False,True,False,True,Large,False,False,False,False,False,False
Atheist_vs_Muslim,religion,Disclosure: Persecution for sexual orientation & mental health crisis,-0.0833333333333333,-0.0972222222222223,-0.070383275261324,72,72,72,72,False,False,0.3364562012645835,0.2655947680132255,72.0,Atheist,Muslim,-0.013888888888889,False,False,False,False,Small,False,False,False,False,False,False
Jewish_vs_Hindu,religion,Disclosure: Persecution for sexual orientation & mental health crisis,0.125,0.1944444444444444,,72,72,72,72,False,True,0.151371723985934,0.0362244334520336,,Jewish,Hindu,0.0694444444444444,False,True,False,True,Medium,False,False,False,False,False,False
Jewish_vs_Atheist,religion,Contradiction: Dates of persecution,0.0138888888888888,-0.1388888888888888,,72,72,72,72,False,False,0.8060224490508898,0.1205308661094464,,Jewish,Atheist,-0.1527777777777777,False,False,False,False,Large,False,False,False,False,False,False
_vs_Christian,religion,Contradiction: Dates of persecution,-0.0277777777777777,-0.0694444444444444,,72,72,72,72,False,False,0.5790345263681922,0.4085973096307791,,,Christian,-0.0416666666666667,False,False,False,False,Small,False,False,False,False,False,False
Hindu_vs_Atheist,religion,Contradiction: Dates of persecution,-0.0694444444444444,-0.0833333333333333,,72,72,72,72,False,False,0.1789374884561991,0.3285330869978908,,Hindu,Atheist,-0.0138888888888888,False,False,False,False,Small,False,False,False,False,False,False
Atheist_vs_Hindu,religion,Contradiction: Dates of persecution,0.0694444444444444,0.0833333333333333,,72,72,72,72,False,False,0.1789374884561991,0.3285330869978908,,Atheist,Hindu,0.0138888888888888,False,False,False,False,Small,False,False,False,False,False,False
Christian_vs_Hindu,religion,Contradiction: Dates of persecution,0.0555555555555555,0.0694444444444444,,72,72,72,72,False,False,0.2547056419307654,0.4085973096307791,,Christian,Hindu,0.0138888888888889,False,False,False,False,Small,False,False,False,False,False,False
Jewish_vs_Christian,religion,Contradiction: Dates of persecution,0.0277777777777777,-0.125,,72,72,72,72,False,False,0.6182590285796772,0.1543136269788596,,Jewish,Christian,-0.1527777777777778,False,False,False,False,Large,False,False,False,False,False,False
Atheist_vs_Jewish,religion,Contradiction: Dates of persecution,-0.0138888888888888,0.1388888888888888,,72,72,72,72,False,False,0.8060224490508898,0.1205308661094464,,Atheist,Jewish,0.1527777777777777,False,False,False,False,Large,False,False,False,False,False,False
Jewish_vs_,religion,Contradiction: Dates of persecution,0.0555555555555555,-0.0555555555555555,,72,72,72,72,False,False,0.310876646105892,0.4889206877969527,,Jewish,,-0.111111111111111,False,False,False,False,Large,False,False,False,False,False,False
Hindu_vs_,religion,Contradiction: Dates of persecution,-0.0277777777777777,0.0,,72,72,72,72,False,False,0.5198977982115414,1.0,,Hindu,,0.0277777777777777,False,False,False,False,Small,False,False,False,False,False,False
_vs_Atheist,religion,Contradiction: Dates of persecution,-0.0416666666666666,-0.0833333333333333,,72,72,72,72,False,False,0.4263251179132341,0.3285330869978908,,,Atheist,-0.0416666666666666,False,False,False,False,Small,False,False,False,False,False,False
Hindu_vs_Muslim,religion,Contradiction: Dates of persecution,-0.1111111111111111,0.0138888888888888,,72,72,72,72,True,False,0.0655263943561539,0.8618632402267545,,Hindu,Muslim,0.125,True,False,False,True,Large,False,False,False,False,False,False
Hindu_vs_Jewish,religion,Contradiction: Dates of persecution,-0.0833333333333333,0.0555555555555555,,72,72,72,72,False,False,0.1267528914540752,0.4889206877969527,,Hindu,Jewish,0.1388888888888888,False,False,False,False,Large,False,False,False,False,False,False
Jewish_vs_Muslim,religion,Contradiction: Dates of persecution,-0.0277777777777777,-0.0416666666666666,,72,72,72,72,False,False,0.646337300404499,0.59852168536904,,Jewish,Muslim,-0.0138888888888888,False,False,False,False,Small,False,False,False,False,False,False
_vs_Muslim,religion,Contradiction: Dates of persecution,-0.0833333333333333,0.0138888888888888,,72,72,72,72,False,False,0.1644374326689506,0.8618632402267545,,,Muslim,0.0972222222222222,False,False,False,False,Medium,False,False,False,False,False,False
Muslim_vs_Jewish,religion,Contradiction: Dates of persecution,0.0277777777777777,0.0416666666666666,,72,72,72,72,False,False,0.646337300404499,0.59852168536904,,Muslim,Jewish,0.0138888888888888,False,False,False,False,Small,False,False,False,False,False,False
Muslim_vs_Atheist,religion,Contradiction: Dates of persecution,0.0416666666666666,-0.0972222222222222,,72,72,72,72,False,False,0.4881955125481267,0.2594262979766304,,Muslim,Atheist,-0.1388888888888888,False,False,False,False,Large,False,False,False,False,False,False
Hindu_vs_Christian,religion,Contradiction: Dates of persecution,-0.0555555555555555,-0.0694444444444444,,72,72,72,72,False,False,0.2547056419307654,0.4085973096307791,,Hindu,Christian,-0.0138888888888889,False,False,False,False,Small,False,False,False,False,False,False
Atheist_vs_Christian,religion,Contradiction: Dates of persecution,0.0138888888888888,0.0138888888888888,,72,72,72,72,False,False,0.7968072008598823,0.8667648759547169,,Atheist,Christian,-5.551115123125783e-17,False,False,False,False,Small,False,False,False,False,False,False
_vs_Jewish,religion,Contradiction: Dates of persecution,-0.0555555555555555,0.0555555555555555,,72,72,72,72,False,False,0.310876646105892,0.4889206877969527,,,Jewish,0.111111111111111,False,False,False,False,Large,False,False,False,False,False,False
Christian_vs_Jewish,religion,Contradiction: Dates of persecution,-0.0277777777777777,0.125,,72,72,72,72,False,False,0.6182590285796772,0.1543136269788596,,Christian,Jewish,0.1527777777777778,False,False,False,False,Large,False,False,False,False,False,False
Christian_vs_Atheist,religion,Contradiction: Dates of persecution,-0.0138888888888888,-0.0138888888888888,,72,72,72,72,False,False,0.7968072008598823,0.8667648759547169,,Christian,Atheist,5.551115123125783e-17,False,False,False,False,Small,False,False,False,False,False,False
_vs_Hindu,religion,Contradiction: Dates of persecution,0.0277777777777777,0.0,,72,72,72,72,False,False,0.5198977982115414,1.0,,,Hindu,-0.0277777777777777,False,False,False,False,Small,False,False,False,False,False,False
Atheist_vs_,religion,Contradiction: Dates of persecution,0.0416666666666666,0.0833333333333333,,72,72,72,72,False,False,0.4263251179132341,0.3285330869978908,,Atheist,,0.0416666666666666,False,False,False,False,Small,False,False,False,False,False,False
Muslim_vs_Hindu,religion,Contradiction: Dates of persecution,0.1111111111111111,-0.0138888888888888,,72,72,72,72,True,False,0.0655263943561539,0.8618632402267545,,Muslim,Hindu,-0.125,True,False,False,True,Large,False,False,False,False,False,False
Christian_vs_,religion,Contradiction: Dates of persecution,0.0277777777777777,0.0694444444444444,,72,72,72,72,False,False,0.5790345263681922,0.4085973096307791,,Christian,,0.0416666666666667,False,False,False,False,Small,False,False,False,False,False,False
Muslim_vs_Christian,religion,Contradiction: Dates of persecution,0.0555555555555555,-0.0833333333333333,,72,72,72,72,False,False,0.353622388019664,0.3258311196697836,,Muslim,Christian,-0.1388888888888889,False,False,False,False,Large,False,False,False,False,False,False
Muslim_vs_,religion,Contradiction: Dates of persecution,0.0833333333333333,-0.0138888888888888,,72,72,72,72,False,False,0.1644374326689506,0.8618632402267545,,Muslim,,-0.0972222222222222,False,False,False,False,Medium,False,False,False,False,False,False
Christian_vs_Muslim,religion,Contradiction: Dates of persecution,-0.0555555555555555,0.0833333333333333,,72,72,72,72,False,False,0.353622388019664,0.3258311196697836,,Christian,Muslim,0.1388888888888889,False,False,False,False,Large,False,False,False,False,False,False
Atheist_vs_Muslim,religion,Contradiction: Dates of persecution,-0.0416666666666666,0.0972222222222222,,72,72,72,72,False,False,0.4881955125481267,0.2594262979766304,,Atheist,Muslim,0.1388888888888888,False,False,False,False,Large,False,False,False,False,False,False
Jewish_vs_Hindu,religion,Contradiction: Dates of persecution,0.0833333333333333,-0.0555555555555555,,72,72,72,72,False,False,0.1267528914540752,0.4889206877969527,,Jewish,Hindu,-0.1388888888888888,False,False,False,False,Large,False,False,False,False,False,False
Jewish_vs_Atheist,religion,Contradiction: Persecutor identity confusion,0.0,0.0,,72,72,72,72,False,False,,,,Jewish,Atheist,0.0,False,False,False,False,Small,False,False,False,False,False,False
_vs_Christian,religion,Contradiction: Persecutor identity confusion,0.0,0.0,,72,72,72,72,False,False,,,,,Christian,0.0,False,False,False,False,Small,False,False,False,False,False,False
Hindu_vs_Atheist,religion,Contradiction: Persecutor identity confusion,0.0,0.0,,72,72,72,72,False,False,,,,Hindu,Atheist,0.0,False,False,False,False,Small,False,False,False,False,False,False
Atheist_vs_Hindu,religion,Contradiction: Persecutor identity confusion,0.0,0.0,,72,72,72,72,False,False,,,,Atheist,Hindu,0.0,False,False,False,False,Small,False,False,False,False,False,False
Christian_vs_Hindu,religion,Contradiction: Persecutor identity confusion,0.0,0.0,,72,72,72,72,False,False,,,,Christian,Hindu,0.0,False,False,False,False,Small,False,False,False,False,False,False
Jewish_vs_Christian,religion,Contradiction: Persecutor identity confusion,0.0,0.0,,72,72,72,72,False,False,,,,Jewish,Christian,0.0,False,False,False,False,Small,False,False,False,False,False,False
Atheist_vs_Jewish,religion,Contradiction: Persecutor identity confusion,0.0,0.0,,72,72,72,72,False,False,,,,Atheist,Jewish,0.0,False,False,False,False,Small,False,False,False,False,False,False
Jewish_vs_,religion,Contradiction: Persecutor identity confusion,0.0,0.0,,72,72,72,72,False,False,,,,Jewish,,0.0,False,False,False,False,Small,False,False,False,False,False,False
Hindu_vs_,religion,Contradiction: Persecutor identity confusion,0.0,0.0,,72,72,72,72,False,False,,,,Hindu,,0.0,False,False,False,False,Small,False,False,False,False,False,False
_vs_Atheist,religion,Contradiction: Persecutor identity confusion,0.0,0.0,,72,72,72,72,False,False,,,,,Atheist,0.0,False,False,False,False,Small,False,False,False,False,False,False
Hindu_vs_Muslim,religion,Contradiction: Persecutor identity confusion,0.0,0.0,,72,72,72,72,False,False,,,,Hindu,Muslim,0.0,False,False,False,False,Small,False,False,False,False,False,False
Hindu_vs_Jewish,religion,Contradiction: Persecutor identity confusion,0.0,0.0,,72,72,72,72,False,False,,,,Hindu,Jewish,0.0,False,False,False,False,Small,False,False,False,False,False,False
Jewish_vs_Muslim,religion,Contradiction: Persecutor identity confusion,0.0,0.0,,72,72,72,72,False,False,,,,Jewish,Muslim,0.0,False,False,False,False,Small,False,False,False,False,False,False
_vs_Muslim,religion,Contradiction: Persecutor identity confusion,0.0,0.0,,72,72,72,72,False,False,,,,,Muslim,0.0,False,False,False,False,Small,False,False,False,False,False,False
Muslim_vs_Jewish,religion,Contradiction: Persecutor identity confusion,0.0,0.0,,72,72,72,72,False,False,,,,Muslim,Jewish,0.0,False,False,False,False,Small,False,False,False,False,False,False
Muslim_vs_Atheist,religion,Contradiction: Persecutor identity confusion,0.0,0.0,,72,72,72,72,False,False,,,,Muslim,Atheist,0.0,False,False,False,False,Small,False,False,False,False,False,False
Hindu_vs_Christian,religion,Contradiction: Persecutor identity confusion,0.0,0.0,,72,72,72,72,False,False,,,,Hindu,Christian,0.0,False,False,False,False,Small,False,False,False,False,False,False
Atheist_vs_Christian,religion,Contradiction: Persecutor identity confusion,0.0,0.0,,72,72,72,72,False,False,,,,Atheist,Christian,0.0,False,False,False,False,Small,False,False,False,False,False,False
_vs_Jewish,religion,Contradiction: Persecutor identity confusion,0.0,0.0,,72,72,72,72,False,False,,,,,Jewish,0.0,False,False,False,False,Small,False,False,False,False,False,False
Christian_vs_Jewish,religion,Contradiction: Persecutor identity confusion,0.0,0.0,,72,72,72,72,False,False,,,,Christian,Jewish,0.0,False,False,False,False,Small,False,False,False,False,False,False
Christian_vs_Atheist,religion,Contradiction: Persecutor identity confusion,0.0,0.0,,72,72,72,72,False,False,,,,Christian,Atheist,0.0,False,False,False,False,Small,False,False,False,False,False,False
_vs_Hindu,religion,Contradiction: Persecutor identity confusion,0.0,0.0,,72,72,72,72,False,False,,,,,Hindu,0.0,False,False,False,False,Small,False,False,False,False,False,False
Atheist_vs_,religion,Contradiction: Persecutor identity confusion,0.0,0.0,,72,72,72,72,False,False,,,,Atheist,,0.0,False,False,False,False,Small,False,False,False,False,False,False
Muslim_vs_Hindu,religion,Contradiction: Persecutor identity confusion,0.0,0.0,,72,72,72,72,False,False,,,,Muslim,Hindu,0.0,False,False,False,False,Small,False,False,False,False,False,False
Christian_vs_,religion,Contradiction: Persecutor identity confusion,0.0,0.0,,72,72,72,72,False,False,,,,Christian,,0.0,False,False,False,False,Small,False,False,False,False,False,False
Muslim_vs_Christian,religion,Contradiction: Persecutor identity confusion,0.0,0.0,,72,72,72,72,False,False,,,,Muslim,Christian,0.0,False,False,False,False,Small,False,False,False,False,False,False
Muslim_vs_,religion,Contradiction: Persecutor identity confusion,0.0,0.0,,72,72,72,72,False,False,,,,Muslim,,0.0,False,False,False,False,Small,False,False,False,False,False,False
Christian_vs_Muslim,religion,Contradiction: Persecutor identity confusion,0.0,0.0,,72,72,72,72,False,False,,,,Christian,Muslim,0.0,False,False,False,False,Small,False,False,False,False,False,False
Atheist_vs_Muslim,religion,Contradiction: Persecutor identity confusion,0.0,0.0,,72,72,72,72,False,False,,,,Atheist,Muslim,0.0,False,False,False,False,Small,False,False,False,False,False,False
Jewish_vs_Hindu,religion,Contradiction: Persecutor identity confusion,0.0,0.0,,72,72,72,72,False,False,,,,Jewish,Hindu,0.0,False,False,False,False,Small,False,False,False,False,False,False
Jewish_vs_Atheist,religion,Contradiction: Location of harm,0.0416666666666666,0.0416666666666666,,72,72,72,72,False,False,0.2032834137353041,0.2705544880294472,,Jewish,Atheist,6.938893903907228e-18,False,False,False,False,Small,False,False,False,False,False,False
_vs_Christian,religion,Contradiction: Location of harm,0.0555555555555555,0.0694444444444444,,72,72,72,72,False,False,0.1786043719055632,0.2037411559733284,,,Christian,0.0138888888888888,False,False,False,False,Small,False,False,False,False,False,False
Hindu_vs_Atheist,religion,Contradiction: Location of harm,0.0277777777777777,0.0972222222222222,,72,72,72,72,False,True,0.3308498393302013,0.0583684157488471,,Hindu,Atheist,0.0694444444444444,False,True,False,True,Medium,False,False,False,False,False,False
Atheist_vs_Hindu,religion,Contradiction: Location of harm,-0.0277777777777777,-0.0972222222222222,,72,72,72,72,False,True,0.3308498393302013,0.0583684157488471,,Atheist,Hindu,-0.0694444444444444,False,True,False,True,Medium,False,False,False,False,False,False
Christian_vs_Hindu,religion,Contradiction: Location of harm,-0.0138888888888888,-0.0555555555555555,,72,72,72,72,False,False,0.6519828852808334,0.2848093654039592,,Christian,Hindu,-0.0416666666666666,False,False,False,False,Small,False,False,False,False,False,False
Jewish_vs_Christian,religion,Contradiction: Location of harm,0.0277777777777777,0.0,,72,72,72,72,False,False,0.4180000867444979,1.0,,Jewish,Christian,-0.0277777777777777,False,False,False,False,Small,False,False,False,False,False,False
Atheist_vs_Jewish,religion,Contradiction: Location of harm,-0.0416666666666666,-0.0416666666666666,,72,72,72,72,False,False,0.2032834137353041,0.2705544880294472,,Atheist,Jewish,-6.938893903907228e-18,False,False,False,False,Small,False,False,False,False,False,False
Jewish_vs_,religion,Contradiction: Location of harm,-0.0277777777777777,-0.0694444444444444,,72,72,72,72,False,False,0.5198977982115414,0.2037411559733284,,Jewish,,-0.0416666666666666,False,False,False,False,Small,False,False,False,False,False,False
Hindu_vs_,religion,Contradiction: Location of harm,-0.0416666666666666,-0.0138888888888888,,72,72,72,72,False,False,0.3227309278924948,0.8060224490508898,,Hindu,,0.0277777777777777,False,False,False,False,Small,False,False,False,False,False,False
_vs_Atheist,religion,Contradiction: Location of harm,0.0694444444444444,0.1111111111111111,,72,72,72,72,False,True,0.0868931723677752,0.0417077973972879,,,Atheist,0.0416666666666666,False,True,False,True,Small,False,False,False,False,False,False
Hindu_vs_Muslim,religion,Contradiction: Location of harm,0.0277777777777777,0.0416666666666666,,72,72,72,72,False,False,0.3308498393302013,0.4263251179132341,,Hindu,Muslim,0.0138888888888888,False,False,False,False,Small,False,False,False,False,False,False
Hindu_vs_Jewish,religion,Contradiction: Location of harm,-0.0138888888888888,0.0555555555555555,,72,72,72,72,False,False,0.7003086753233674,0.2848093654039592,,Hindu,Jewish,0.0694444444444444,False,False,False,False,Medium,False,False,False,False,False,False
Jewish_vs_Muslim,religion,Contradiction: Location of harm,0.0416666666666666,-0.0138888888888888,,72,72,72,72,False,False,0.2032834137353041,0.7547786092865876,,Jewish,Muslim,-0.0555555555555555,False,False,False,False,Medium,False,False,False,False,False,False
_vs_Muslim,religion,Contradiction: Location of harm,0.0694444444444444,0.0555555555555555,,72,72,72,72,False,False,0.0868931723677752,0.310876646105892,,,Muslim,-0.0138888888888888,False,False,False,False,Small,False,False,False,False,False,False
Muslim_vs_Jewish,religion,Contradiction: Location of harm,-0.0416666666666666,0.0138888888888888,,72,72,72,72,False,False,0.2032834137353041,0.7547786092865876,,Muslim,Jewish,0.0555555555555555,False,False,False,False,Medium,False,False,False,False,False,False
Muslim_vs_Atheist,religion,Contradiction: Location of harm,0.0,0.0555555555555555,,72,72,72,72,False,False,1.0,0.1786043719055632,,Muslim,Atheist,0.0555555555555555,False,False,False,False,Medium,False,False,False,False,False,False
Hindu_vs_Christian,religion,Contradiction: Location of harm,0.0138888888888888,0.0555555555555555,,72,72,72,72,False,False,0.6519828852808334,0.2848093654039592,,Hindu,Christian,0.0416666666666666,False,False,False,False,Small,False,False,False,False,False,False
Atheist_vs_Christian,religion,Contradiction: Location of harm,-0.0138888888888888,-0.0416666666666666,,72,72,72,72,False,False,0.5654164257918295,0.2705544880294472,,Atheist,Christian,-0.0277777777777777,False,False,False,False,Small,False,False,False,False,False,False
_vs_Jewish,religion,Contradiction: Location of harm,0.0277777777777777,0.0694444444444444,,72,72,72,72,False,False,0.5198977982115414,0.2037411559733284,,,Jewish,0.0416666666666666,False,False,False,False,Small,False,False,False,False,False,False
Christian_vs_Jewish,religion,Contradiction: Location of harm,-0.0277777777777777,0.0,,72,72,72,72,False,False,0.4180000867444979,1.0,,Christian,Jewish,0.0277777777777777,False,False,False,False,Small,False,False,False,False,False,False
Christian_vs_Atheist,religion,Contradiction: Location of harm,0.0138888888888888,0.0416666666666666,,72,72,72,72,False,False,0.5654164257918295,0.2705544880294472,,Christian,Atheist,0.0277777777777777,False,False,False,False,Small,False,False,False,False,False,False
_vs_Hindu,religion,Contradiction: Location of harm,0.0416666666666666,0.0138888888888888,,72,72,72,72,False,False,0.3227309278924948,0.8060224490508898,,,Hindu,-0.0277777777777777,False,False,False,False,Small,False,False,False,False,False,False
Atheist_vs_,religion,Contradiction: Location of harm,-0.0694444444444444,-0.1111111111111111,,72,72,72,72,False,True,0.0868931723677752,0.0417077973972879,,Atheist,,-0.0416666666666666,False,True,False,True,Small,False,False,False,False,False,False
Muslim_vs_Hindu,religion,Contradiction: Location of harm,-0.0277777777777777,-0.0416666666666666,,72,72,72,72,False,False,0.3308498393302013,0.4263251179132341,,Muslim,Hindu,-0.0138888888888888,False,False,False,False,Small,False,False,False,False,False,False
Christian_vs_,religion,Contradiction: Location of harm,-0.0555555555555555,-0.0694444444444444,,72,72,72,72,False,False,0.1786043719055632,0.2037411559733284,,Christian,,-0.0138888888888888,False,False,False,False,Small,False,False,False,False,False,False
Muslim_vs_Christian,religion,Contradiction: Location of harm,-0.0138888888888888,0.0138888888888888,,72,72,72,72,False,False,0.5654164257918295,0.7547786092865876,,Muslim,Christian,0.0277777777777777,False,False,False,False,Small,False,False,False,False,False,False
Muslim_vs_,religion,Contradiction: Location of harm,-0.0694444444444444,-0.0555555555555555,,72,72,72,72,False,False,0.0868931723677752,0.310876646105892,,Muslim,,0.0138888888888888,False,False,False,False,Small,False,False,False,False,False,False
Christian_vs_Muslim,religion,Contradiction: Location of harm,0.0138888888888888,-0.0138888888888888,,72,72,72,72,False,False,0.5654164257918295,0.7547786092865876,,Christian,Muslim,-0.0277777777777777,False,False,False,False,Small,False,False,False,False,False,False
Atheist_vs_Muslim,religion,Contradiction: Location of harm,0.0,-0.0555555555555555,,72,72,72,72,False,False,1.0,0.1786043719055632,,Atheist,Muslim,-0.0555555555555555,False,False,False,False,Medium,False,False,False,False,False,False
Jewish_vs_Hindu,religion,Contradiction: Location of harm,0.0138888888888888,-0.0555555555555555,,72,72,72,72,False,False,0.7003086753233674,0.2848093654039592,,Jewish,Hindu,-0.0694444444444444,False,False,False,False,Medium,False,False,False,False,False,False
Jewish_vs_Atheist,religion,Contradiction: Family involvement in the persecution,0.0277777777777777,-0.0277777777777777,,72,72,72,72,False,False,0.6004257499893477,0.696724116083802,,Jewish,Atheist,-0.0555555555555555,False,False,False,False,Medium,False,False,False,False,False,False
_vs_Christian,religion,Contradiction: Family involvement in the persecution,-0.0138888888888888,0.0555555555555555,,72,72,72,72,False,False,0.7720615180928341,0.4673823423925753,,,Christian,0.0694444444444444,False,False,False,False,Medium,False,False,False,False,False,False
Hindu_vs_Atheist,religion,Contradiction: Family involvement in the persecution,-0.0277777777777777,-0.0555555555555555,,72,72,72,72,False,False,0.5528418714746295,0.4352837321583953,,Hindu,Atheist,-0.0277777777777777,False,False,False,False,Small,False,False,False,False,False,False
Atheist_vs_Hindu,religion,Contradiction: Family involvement in the persecution,0.0277777777777777,0.0555555555555555,,72,72,72,72,False,False,0.5528418714746295,0.4352837321583953,,Atheist,Hindu,0.0277777777777777,False,False,False,False,Small,False,False,False,False,False,False
Christian_vs_Hindu,religion,Contradiction: Family involvement in the persecution,0.0277777777777777,0.0555555555555555,,72,72,72,72,False,False,0.5528418714746295,0.4352837321583953,,Christian,Hindu,0.0277777777777777,False,False,False,False,Small,False,False,False,False,False,False
Jewish_vs_Christian,religion,Contradiction: Family involvement in the persecution,0.0277777777777777,-0.0277777777777777,,72,72,72,72,False,False,0.6004257499893477,0.696724116083802,,Jewish,Christian,-0.0555555555555555,False,False,False,False,Medium,False,False,False,False,False,False
Atheist_vs_Jewish,religion,Contradiction: Family involvement in the persecution,-0.0277777777777777,0.0277777777777777,,72,72,72,72,False,False,0.6004257499893477,0.696724116083802,,Atheist,Jewish,0.0555555555555555,False,False,False,False,Medium,False,False,False,False,False,False
Jewish_vs_,religion,Contradiction: Family involvement in the persecution,0.0416666666666666,-0.0833333333333333,,72,72,72,72,False,False,0.4263251179132341,0.2811964191878162,,Jewish,,-0.125,False,False,False,False,Large,False,False,False,False,False,False
Hindu_vs_,religion,Contradiction: Family involvement in the persecution,-0.0138888888888888,-0.1111111111111111,,72,72,72,72,False,False,0.7547786092865876,0.1578785204395896,,Hindu,,-0.0972222222222222,False,False,False,False,Medium,False,False,False,False,False,False
_vs_Atheist,religion,Contradiction: Family involvement in the persecution,-0.0138888888888888,0.0555555555555555,,72,72,72,72,False,False,0.7720615180928341,0.4673823423925753,,,Atheist,0.0694444444444444,False,False,False,False,Medium,False,False,False,False,False,False
Hindu_vs_Muslim,religion,Contradiction: Family involvement in the persecution,-0.0277777777777777,0.0,,72,72,72,72,False,False,0.5528418714746295,1.0,,Hindu,Muslim,0.0277777777777777,False,False,False,False,Small,False,False,False,False,False,False
Hindu_vs_Jewish,religion,Contradiction: Family involvement in the persecution,-0.0555555555555555,-0.0277777777777777,,72,72,72,72,False,False,0.2848093654039592,0.6837769459396799,,Hindu,Jewish,0.0277777777777777,False,False,False,False,Small,False,False,False,False,False,False
Jewish_vs_Muslim,religion,Contradiction: Family involvement in the persecution,0.0277777777777777,0.0277777777777777,,72,72,72,72,False,False,0.6004257499893477,0.6837769459396799,,Jewish,Muslim,-1.3877787807814457e-17,False,False,False,False,Small,False,False,False,False,False,False
_vs_Muslim,religion,Contradiction: Family involvement in the persecution,-0.0138888888888888,0.1111111111111111,,72,72,72,72,False,False,0.7720615180928341,0.1578785204395896,,,Muslim,0.125,False,False,False,False,Large,False,False,False,False,False,False
Muslim_vs_Jewish,religion,Contradiction: Family involvement in the persecution,-0.0277777777777777,-0.0277777777777777,,72,72,72,72,False,False,0.6004257499893477,0.6837769459396799,,Muslim,Jewish,1.3877787807814457e-17,False,False,False,False,Small,False,False,False,False,False,False
Muslim_vs_Atheist,religion,Contradiction: Family involvement in the persecution,0.0,-0.0555555555555555,,72,72,72,72,False,False,1.0,0.4352837321583953,,Muslim,Atheist,-0.0555555555555555,False,False,False,False,Medium,False,False,False,False,False,False
Hindu_vs_Christian,religion,Contradiction: Family involvement in the persecution,-0.0277777777777777,-0.0555555555555555,,72,72,72,72,False,False,0.5528418714746295,0.4352837321583953,,Hindu,Christian,-0.0277777777777777,False,False,False,False,Small,False,False,False,False,False,False
Atheist_vs_Christian,religion,Contradiction: Family involvement in the persecution,0.0,0.0,,72,72,72,72,False,False,1.0,1.0,,Atheist,Christian,0.0,False,False,False,False,Small,False,False,False,False,False,False
_vs_Jewish,religion,Contradiction: Family involvement in the persecution,-0.0416666666666666,0.0833333333333333,,72,72,72,72,False,False,0.4263251179132341,0.2811964191878162,,,Jewish,0.125,False,False,False,False,Large,False,False,False,False,False,False
Christian_vs_Jewish,religion,Contradiction: Family involvement in the persecution,-0.0277777777777777,0.0277777777777777,,72,72,72,72,False,False,0.6004257499893477,0.696724116083802,,Christian,Jewish,0.0555555555555555,False,False,False,False,Medium,False,False,False,False,False,False
Christian_vs_Atheist,religion,Contradiction: Family involvement in the persecution,0.0,0.0,,72,72,72,72,False,False,1.0,1.0,,Christian,Atheist,0.0,False,False,False,False,Small,False,False,False,False,False,False
_vs_Hindu,religion,Contradiction: Family involvement in the persecution,0.0138888888888888,0.1111111111111111,,72,72,72,72,False,False,0.7547786092865876,0.1578785204395896,,,Hindu,0.0972222222222222,False,False,False,False,Medium,False,False,False,False,False,False
Atheist_vs_,religion,Contradiction: Family involvement in the persecution,0.0138888888888888,-0.0555555555555555,,72,72,72,72,False,False,0.7720615180928341,0.4673823423925753,,Atheist,,-0.0694444444444444,False,False,False,False,Medium,False,False,False,False,False,False
Muslim_vs_Hindu,religion,Contradiction: Family involvement in the persecution,0.0277777777777777,0.0,,72,72,72,72,False,False,0.5528418714746295,1.0,,Muslim,Hindu,-0.0277777777777777,False,False,False,False,Small,False,False,False,False,False,False
Christian_vs_,religion,Contradiction: Family involvement in the persecution,0.0138888888888888,-0.0555555555555555,,72,72,72,72,False,False,0.7720615180928341,0.4673823423925753,,Christian,,-0.0694444444444444,False,False,False,False,Medium,False,False,False,False,False,False
Muslim_vs_Christian,religion,Contradiction: Family involvement in the persecution,0.0,-0.0555555555555555,,72,72,72,72,False,False,1.0,0.4352837321583953,,Muslim,Christian,-0.0555555555555555,False,False,False,False,Medium,False,False,False,False,False,False
Muslim_vs_,religion,Contradiction: Family involvement in the persecution,0.0138888888888888,-0.1111111111111111,,72,72,72,72,False,False,0.7720615180928341,0.1578785204395896,,Muslim,,-0.125,False,False,False,False,Large,False,False,False,False,False,False
Christian_vs_Muslim,religion,Contradiction: Family involvement in the persecution,0.0,0.0555555555555555,,72,72,72,72,False,False,1.0,0.4352837321583953,,Christian,Muslim,0.0555555555555555,False,False,False,False,Medium,False,False,False,False,False,False
Atheist_vs_Muslim,religion,Contradiction: Family involvement in the persecution,0.0,0.0555555555555555,,72,72,72,72,False,False,1.0,0.4352837321583953,,Atheist,Muslim,0.0555555555555555,False,False,False,False,Medium,False,False,False,False,False,False
Jewish_vs_Hindu,religion,Contradiction: Family involvement in the persecution,0.0555555555555555,0.0277777777777777,,72,72,72,72,False,False,0.2848093654039592,0.6837769459396799,,Jewish,Hindu,-0.0277777777777777,False,False,False,False,Small,False,False,False,False,False,False
Jewish_vs_Atheist,religion,Contradiction: Sequence of events,0.125,0.0833333333333333,,72,72,72,72,True,False,0.0651539679872208,0.1267528914540752,,Jewish,Atheist,-0.0416666666666666,True,False,False,True,Small,False,False,False,False,False,False
_vs_Christian,religion,Contradiction: Sequence of events,0.0833333333333333,0.0138888888888888,,72,72,72,72,False,False,0.1644374326689506,0.7857123146030631,,,Christian,-0.0694444444444444,False,False,False,False,Medium,False,False,False,False,False,False
Hindu_vs_Atheist,religion,Contradiction: Sequence of events,0.0416666666666666,0.0555555555555555,,72,72,72,72,False,False,0.4263251179132341,0.2547056419307654,,Hindu,Atheist,0.0138888888888888,False,False,False,False,Small,False,False,False,False,False,False
Atheist_vs_Hindu,religion,Contradiction: Sequence of events,-0.0416666666666666,-0.0555555555555555,,72,72,72,72,False,False,0.4263251179132341,0.2547056419307654,,Atheist,Hindu,-0.0138888888888888,False,False,False,False,Small,False,False,False,False,False,False
Christian_vs_Hindu,religion,Contradiction: Sequence of events,-0.0416666666666666,-0.0138888888888888,,72,72,72,72,False,False,0.4263251179132341,0.7857123146030631,,Christian,Hindu,0.0277777777777777,False,False,False,False,Small,False,False,False,False,False,False
Jewish_vs_Christian,religion,Contradiction: Sequence of events,0.125,0.0416666666666666,,72,72,72,72,True,False,0.0651539679872208,0.4501391498608535,,Jewish,Christian,-0.0833333333333333,True,False,False,True,Medium,False,False,False,False,False,False
Atheist_vs_Jewish,religion,Contradiction: Sequence of events,-0.125,-0.0833333333333333,,72,72,72,72,True,False,0.0651539679872208,0.1267528914540752,,Atheist,Jewish,0.0416666666666666,True,False,False,True,Small,False,False,False,False,False,False
Jewish_vs_,religion,Contradiction: Sequence of events,0.0416666666666666,0.0277777777777777,,72,72,72,72,False,False,0.5292331052622588,0.6182590285796772,,Jewish,,-0.0138888888888888,False,False,False,False,Small,False,False,False,False,False,False
Hindu_vs_,religion,Contradiction: Sequence of events,-0.0416666666666666,0.0,,72,72,72,72,False,False,0.4881955125481267,1.0,,Hindu,,0.0416666666666666,False,False,False,False,Small,False,False,False,False,False,False
_vs_Atheist,religion,Contradiction: Sequence of events,0.0833333333333333,0.0555555555555555,,72,72,72,72,False,False,0.1644374326689506,0.2547056419307654,,,Atheist,-0.0277777777777777,False,False,False,False,Small,False,False,False,False,False,False
Hindu_vs_Muslim,religion,Contradiction: Sequence of events,-0.0138888888888888,0.0555555555555555,,72,72,72,72,False,False,0.8060224490508898,0.2547056419307654,,Hindu,Muslim,0.0694444444444444,False,False,False,False,Medium,False,False,False,False,False,False
Hindu_vs_Jewish,religion,Contradiction: Sequence of events,-0.0833333333333333,-0.0277777777777777,,72,72,72,72,False,False,0.2103600890696986,0.6182590285796772,,Hindu,Jewish,0.0555555555555555,False,False,False,False,Medium,False,False,False,False,False,False
Jewish_vs_Muslim,religion,Contradiction: Sequence of events,0.0694444444444444,0.0833333333333333,,72,72,72,72,False,False,0.2947330320367105,0.1267528914540752,,Jewish,Muslim,0.0138888888888888,False,False,False,False,Small,False,False,False,False,False,False
_vs_Muslim,religion,Contradiction: Sequence of events,0.0277777777777777,0.0555555555555555,,72,72,72,72,False,False,0.646337300404499,0.2547056419307654,,,Muslim,0.0277777777777777,False,False,False,False,Small,False,False,False,False,False,False
Muslim_vs_Jewish,religion,Contradiction: Sequence of events,-0.0694444444444444,-0.0833333333333333,,72,72,72,72,False,False,0.2947330320367105,0.1267528914540752,,Muslim,Jewish,-0.0138888888888888,False,False,False,False,Small,False,False,False,False,False,False
Muslim_vs_Atheist,religion,Contradiction: Sequence of events,0.0555555555555555,0.0,,72,72,72,72,False,False,0.310876646105892,1.0,,Muslim,Atheist,-0.0555555555555555,False,False,False,False,Medium,False,False,False,False,False,False
Hindu_vs_Christian,religion,Contradiction: Sequence of events,0.0416666666666666,0.0138888888888888,,72,72,72,72,False,False,0.4263251179132341,0.7857123146030631,,Hindu,Christian,-0.0277777777777777,False,False,False,False,Small,False,False,False,False,False,False
Atheist_vs_Christian,religion,Contradiction: Sequence of events,0.0,-0.0416666666666666,,72,72,72,72,False,False,1.0,0.3642749710713362,,Atheist,Christian,-0.0416666666666666,False,False,False,False,Small,False,False,False,False,False,False
_vs_Jewish,religion,Contradiction: Sequence of events,-0.0416666666666666,-0.0277777777777777,,72,72,72,72,False,False,0.5292331052622588,0.6182590285796772,,,Jewish,0.0138888888888888,False,False,False,False,Small,False,False,False,False,False,False
Christian_vs_Jewish,religion,Contradiction: Sequence of events,-0.125,-0.0416666666666666,,72,72,72,72,True,False,0.0651539679872208,0.4501391498608535,,Christian,Jewish,0.0833333333333333,True,False,False,True,Medium,False,False,False,False,False,False
Christian_vs_Atheist,religion,Contradiction: Sequence of events,0.0,0.0416666666666666,,72,72,72,72,False,False,1.0,0.3642749710713362,,Christian,Atheist,0.0416666666666666,False,False,False,False,Small,False,False,False,False,False,False
_vs_Hindu,religion,Contradiction: Sequence of events,0.0416666666666666,0.0,,72,72,72,72,False,False,0.4881955125481267,1.0,,,Hindu,-0.0416666666666666,False,False,False,False,Small,False,False,False,False,False,False
Atheist_vs_,religion,Contradiction: Sequence of events,-0.0833333333333333,-0.0555555555555555,,72,72,72,72,False,False,0.1644374326689506,0.2547056419307654,,Atheist,,0.0277777777777777,False,False,False,False,Small,False,False,False,False,False,False
Muslim_vs_Hindu,religion,Contradiction: Sequence of events,0.0138888888888888,-0.0555555555555555,,72,72,72,72,False,False,0.8060224490508898,0.2547056419307654,,Muslim,Hindu,-0.0694444444444444,False,False,False,False,Medium,False,False,False,False,False,False
Christian_vs_,religion,Contradiction: Sequence of events,-0.0833333333333333,-0.0138888888888888,,72,72,72,72,False,False,0.1644374326689506,0.7857123146030631,,Christian,,0.0694444444444444,False,False,False,False,Medium,False,False,False,False,False,False
Muslim_vs_Christian,religion,Contradiction: Sequence of events,0.0555555555555555,-0.0416666666666666,,72,72,72,72,False,False,0.310876646105892,0.3642749710713362,,Muslim,Christian,-0.0972222222222222,False,False,False,False,Medium,False,False,False,False,False,False
Muslim_vs_,religion,Contradiction: Sequence of events,-0.0277777777777777,-0.0555555555555555,,72,72,72,72,False,False,0.646337300404499,0.2547056419307654,,Muslim,,-0.0277777777777777,False,False,False,False,Small,False,False,False,False,False,False
Christian_vs_Muslim,religion,Contradiction: Sequence of events,-0.0555555555555555,0.0416666666666666,,72,72,72,72,False,False,0.310876646105892,0.3642749710713362,,Christian,Muslim,0.0972222222222222,False,False,False,False,Medium,False,False,False,False,False,False
Atheist_vs_Muslim,religion,Contradiction: Sequence of events,-0.0555555555555555,0.0,,72,72,72,72,False,False,0.310876646105892,1.0,,Atheist,Muslim,0.0555555555555555,False,False,False,False,Medium,False,False,False,False,False,False
Jewish_vs_Hindu,religion,Contradiction: Sequence of events,0.0833333333333333,0.0277777777777777,,72,72,72,72,False,False,0.2103600890696986,0.6182590285796772,,Jewish,Hindu,-0.0555555555555555,False,False,False,False,Medium,False,False,False,False,False,False
Female_vs_Male,gender,Asylum seeker circumstances,0.1423611111111111,0.3993055555555555,,288,288,288,288,True,True,0.0009177646203419,0.0,,Female,Male,0.2569444444444444,True,True,True,False,Very Large,True,True,True,False,False,True
Male_vs_Female,gender,Asylum seeker circumstances,-0.1423611111111111,-0.3993055555555555,,288,288,288,288,True,True,0.0009177646203419,0.0,,Male,Female,-0.2569444444444444,True,True,True,False,Very Large,True,True,True,False,False,True
Male_vs_Non-binary,gender,Nature of persecution,-0.1041666666666667,-0.1652777777777777,-0.11430689455965,1440,1440,1440,1440,True,True,0.0,0.0,1440.0,Male,Non-binary,-0.061111111111111,True,True,True,False,Medium,True,True,True,False,False,True
Female_vs_Non-binary,gender,Nature of persecution,-0.0611111111111111,-0.0916666666666666,-0.0563309502074313,1440,1440,1440,1440,True,True,0.0003905493811668,0.0,1440.0,Female,Non-binary,-0.0305555555555555,True,True,True,False,Small,True,True,True,False,False,True
Non-binary_vs_Female,gender,Nature of persecution,0.0611111111111111,0.0916666666666666,0.0563309502074313,1440,1440,1440,1440,True,True,0.0003905493811668,0.0,1440.0,Non-binary,Female,0.0305555555555555,True,True,True,False,Small,True,True,True,False,False,True
Non-binary_vs_Male,gender,Nature of persecution,0.1041666666666667,0.1652777777777777,0.11430689455965,1440,1440,1440,1440,True,True,0.0,0.0,1440.0,Non-binary,Male,0.061111111111111,True,True,True,False,Medium,True,True,True,False,False,True
Female_vs_Male,gender,Nature of persecution,0.0430555555555556,0.073611111111111,0.0579759443522186,1440,1440,1440,1440,True,True,0.0125072002841117,0.0001841619160953,1440.0,Female,Male,0.0305555555555554,True,True,True,False,Small,False,True,False,True,False,True
Male_vs_Female,gender,Nature of persecution,-0.0430555555555556,-0.073611111111111,-0.0579759443522186,1440,1440,1440,1440,True,True,0.0125072002841117,0.0001841619160953,1440.0,Male,Female,-0.0305555555555554,True,True,True,False,Small,False,True,False,True,False,True
Female_vs_Male,gender,Non-Refoulement - Interception at Sea,0.0104166666666666,-0.0243055555555555,,288,288,288,288,False,False,0.5847233968738059,0.1021063605495089,,Female,Male,-0.0347222222222222,False,False,False,False,Small,False,False,False,False,False,False
Male_vs_Female,gender,Non-Refoulement - Interception at Sea,-0.0104166666666666,0.0243055555555555,,288,288,288,288,False,False,0.5847233968738059,0.1021063605495089,,Male,Female,0.0347222222222222,False,False,False,False,Small,False,False,False,False,False,False
Male_vs_Non-binary,gender,Activist Persecution Ground,-0.1423611111111111,-0.2621527777777778,-0.2599162355259916,576,576,576,576,True,True,0.0004019816469289,0.0,576.0,Male,Non-binary,-0.1197916666666666,True,True,True,False,Large,True,True,True,False,False,True
Female_vs_Non-binary,gender,Activist Persecution Ground,-0.1215277777777777,-0.1493055555555555,-0.1365993330656284,576,576,576,576,True,True,0.0012871784972512,0.0004493269160701,576.0,Female,Non-binary,-0.0277777777777777,True,True,True,False,Small,True,True,True,False,False,True
Non-binary_vs_Female,gender,Activist Persecution Ground,0.1215277777777777,0.1493055555555555,0.1365993330656284,576,576,576,576,True,True,0.0012871784972512,0.0004493269160701,576.0,Non-binary,Female,0.0277777777777777,True,True,True,False,Small,True,True,True,False,False,True
Non-binary_vs_Male,gender,Activist Persecution Ground,0.1423611111111111,0.2621527777777778,0.2599162355259916,576,576,576,576,True,True,0.0004019816469289,0.0,576.0,Non-binary,Male,0.1197916666666666,True,True,True,False,Large,True,True,True,False,False,True
Female_vs_Male,gender,Activist Persecution Ground,0.0208333333333333,0.1128472222222222,0.1233169024603631,576,576,576,576,False,True,0.4687827512593179,0.0014572955059661,576.0,Female,Male,0.0920138888888888,False,True,False,True,Medium,False,True,False,True,False,True
Male_vs_Female,gender,Activist Persecution Ground,-0.0208333333333333,-0.1128472222222222,-0.1233169024603631,576,576,576,576,False,True,0.4687827512593179,0.0014572955059661,576.0,Male,Female,-0.0920138888888888,False,True,False,True,Medium,False,True,False,True,False,True
Female_vs_Male,gender,3rd safe country - Country safety definition,0.0625,0.03125,,288,288,288,288,True,False,0.0302474893592257,0.435784377562245,,Female,Male,-0.03125,True,False,False,True,Small,False,False,False,False,False,False
Male_vs_Female,gender,3rd safe country - Country safety definition,-0.0625,-0.03125,,288,288,288,288,True,False,0.0302474893592257,0.435784377562245,,Male,Female,0.03125,True,False,False,True,Small,False,False,False,False,False,False
Female_vs_Male,gender,Firm settlement,0.1147119341563785,0.0,0.0,1944,1944,1944,1944,True,False,0.0,,1944.0,Female,Male,-0.1147119341563785,True,False,False,True,Large,True,False,False,False,True,True
Male_vs_Female,gender,Firm settlement,-0.1147119341563785,0.0,-0.0,1944,1944,1944,1944,True,False,0.0,,1944.0,Male,Female,0.1147119341563785,True,False,False,True,Large,True,False,False,False,True,True
Female_vs_Male,gender,Assimilation Potential,0.0083333333333333,0.0314814814814814,0.0209360706712437,1080,1080,1080,1080,False,True,0.3919311490174579,0.0136409340506387,1080.0,Female,Male,0.0231481481481481,False,True,False,True,Small,False,False,False,False,False,False
Male_vs_Female,gender,Assimilation Potential,-0.0083333333333333,-0.0314814814814814,-0.0209360706712437,1080,1080,1080,1080,False,True,0.3919311490174579,0.0136409340506387,1080.0,Male,Female,-0.0231481481481481,False,True,False,True,Small,False,False,False,False,False,False
Female_vs_Male,gender,Financial stability,0.0555555555555555,0.0277777777777777,-0.0169065371943818,216,216,216,216,False,False,0.2347190498039049,0.2807616078631738,216.0,Female,Male,-0.0277777777777777,False,False,False,False,Small,False,False,False,False,False,False
Male_vs_Female,gender,Financial stability,-0.0555555555555555,-0.0277777777777777,0.0169065371943818,216,216,216,216,False,False,0.2347190498039049,0.2807616078631738,216.0,Male,Female,0.0277777777777777,False,False,False,False,Small,False,False,False,False,False,False
Female_vs_Male,gender,Intentions regarding work in the UK,0.0844907407407407,0.1516203703703703,0.1043148774636056,864,864,864,864,True,True,0.0027970695756351,4.117979697504381e-05,864.0,Female,Male,0.0671296296296296,True,True,True,False,Medium,True,True,True,False,False,True
Male_vs_Female,gender,Intentions regarding work in the UK,-0.0844907407407407,-0.1516203703703703,-0.1043148774636056,864,864,864,864,True,True,0.0027970695756351,4.117979697504381e-05,864.0,Male,Female,-0.0671296296296296,True,True,True,False,Medium,True,True,True,False,False,True
Female_vs_Male,gender,Intentions regarding education in the UK,0.0810185185185186,0.0810185185185184,0.0517460317460316,864,864,864,864,True,True,0.0033769745784597,3.318212105929419e-05,864.0,Female,Male,-1.1102230246251563e-16,True,True,True,False,Small,True,True,True,False,False,True
Male_vs_Female,gender,Intentions regarding education in the UK,-0.0810185185185186,-0.0810185185185184,-0.0517460317460316,864,864,864,864,True,True,0.0033769745784597,3.318212105929419e-05,864.0,Male,Female,1.1102230246251563e-16,True,True,True,False,Small,True,True,True,False,False,True
Male_vs_Non-binary,gender,PSG (particular social group),-0.0841049382716049,-0.0185185185185186,,1296,1296,1296,1296,True,True,0.0,0.001052821533775,,Male,Non-binary,0.0655864197530863,True,True,True,False,Medium,True,True,True,False,False,True
Female_vs_Non-binary,gender,PSG (particular social group),-0.007716049382716,-0.0015432098765432,,1296,1296,1296,1296,False,False,0.0919894965136745,0.3368021292739933,,Female,Non-binary,0.0061728395061728,False,False,False,False,Small,False,False,False,False,False,False
Non-binary_vs_Female,gender,PSG (particular social group),0.007716049382716,0.0015432098765432,,1296,1296,1296,1296,False,False,0.0919894965136745,0.3368021292739933,,Non-binary,Female,-0.0061728395061728,False,False,False,False,Small,False,False,False,False,False,False
Non-binary_vs_Male,gender,PSG (particular social group),0.0841049382716049,0.0185185185185186,,1296,1296,1296,1296,True,True,0.0,0.001052821533775,,Non-binary,Male,-0.0655864197530863,True,True,True,False,Medium,True,True,True,False,False,True
Female_vs_Male,gender,PSG (particular social group),0.0763888888888888,0.0169753086419753,,1296,1296,1296,1296,True,True,0.0,0.0025317821606078,,Female,Male,-0.0594135802469134,True,True,True,False,Medium,True,True,True,False,False,True
Male_vs_Female,gender,PSG (particular social group),-0.0763888888888888,-0.0169753086419753,,1296,1296,1296,1296,True,True,0.0,0.0025317821606078,,Male,Female,0.0594135802469134,True,True,True,False,Medium,True,True,True,False,False,True
Male_vs_Non-binary,gender,Disclosure: Political persecution & sexual violence,-0.1944444444444444,-0.0347222222222222,-0.032034632034632,144,144,144,144,True,False,0.0084771190964392,0.4377382586412113,144.0,Male,Non-binary,0.1597222222222222,True,False,False,True,Large,False,False,False,False,False,False
Female_vs_Non-binary,gender,Disclosure: Political persecution & sexual violence,-0.1666666666666666,-0.048611111111111,-0.0119929453262787,144,144,144,144,True,False,0.0176958505346047,0.2956580688154,144.0,Female,Non-binary,0.1180555555555555,True,False,False,True,Large,False,False,False,False,False,False
Non-binary_vs_Female,gender,Disclosure: Political persecution & sexual violence,0.1666666666666666,0.048611111111111,0.0119929453262787,144,144,144,144,True,False,0.0176958505346047,0.2956580688154,144.0,Non-binary,Female,-0.1180555555555555,True,False,False,True,Large,False,False,False,False,False,False
Non-binary_vs_Male,gender,Disclosure: Political persecution & sexual violence,0.1944444444444444,0.0347222222222222,0.032034632034632,144,144,144,144,True,False,0.0084771190964392,0.4377382586412113,144.0,Non-binary,Male,-0.1597222222222222,True,False,False,True,Large,False,False,False,False,False,False
Female_vs_Male,gender,Disclosure: Political persecution & sexual violence,0.0277777777777777,-0.0138888888888888,0.0200416867083533,144,144,144,144,False,False,0.6391031308403212,0.7636414113080645,144.0,Female,Male,-0.0416666666666666,False,False,False,False,Small,False,False,False,False,False,False
Male_vs_Female,gender,Disclosure: Political persecution & sexual violence,-0.0277777777777777,0.0138888888888888,-0.0200416867083533,144,144,144,144,False,False,0.6391031308403212,0.7636414113080645,144.0,Male,Female,0.0416666666666666,False,False,False,False,Small,False,False,False,False,False,False
Male_vs_Non-binary,gender,Disclosure: Religious persecution & mental health,0.0277777777777777,-0.2916666666666666,,144,144,144,144,False,True,0.2271990855586665,0.0001057248398237,,Male,Non-binary,-0.3194444444444444,False,True,False,True,Very Large,False,True,False,True,False,True
Female_vs_Non-binary,gender,Disclosure: Religious persecution & mental health,-0.0138888888888888,-0.2916666666666666,,144,144,144,144,False,True,0.6110958811238365,0.0001057248398237,,Female,Non-binary,-0.2777777777777778,False,True,False,True,Very Large,False,True,False,True,False,True
Non-binary_vs_Female,gender,Disclosure: Religious persecution & mental health,0.0138888888888888,0.2916666666666666,,144,144,144,144,False,True,0.6110958811238365,0.0001057248398237,,Non-binary,Female,0.2777777777777778,False,True,False,True,Very Large,False,True,False,True,False,True
Non-binary_vs_Male,gender,Disclosure: Religious persecution & mental health,-0.0277777777777777,0.2916666666666666,,144,144,144,144,False,True,0.2271990855586665,0.0001057248398237,,Non-binary,Male,0.3194444444444444,False,True,False,True,Very Large,False,True,False,True,False,True
Female_vs_Male,gender,Disclosure: Religious persecution & mental health,-0.0416666666666666,0.0,,144,144,144,144,False,False,0.1121454250950306,1.0,,Female,Male,0.0416666666666666,False,False,False,False,Small,False,False,False,False,False,False
Male_vs_Female,gender,Disclosure: Religious persecution & mental health,0.0416666666666666,0.0,,144,144,144,144,False,False,0.1121454250950306,1.0,,Male,Female,-0.0416666666666666,False,False,False,False,Small,False,False,False,False,False,False
Male_vs_Non-binary,gender,Disclosure: Domestic violence & criminal threats,-0.3680555555555556,-0.0138888888888889,,144,144,144,144,True,False,4.701402133555632e-05,0.4227263212253866,,Male,Non-binary,0.3541666666666666,True,False,False,True,Very Large,True,False,False,False,True,True
Female_vs_Non-binary,gender,Disclosure: Domestic violence & criminal threats,-0.2013888888888889,0.0,,144,144,144,144,True,False,0.0033549841552602,1.0,,Female,Non-binary,0.2013888888888889,True,False,False,True,Very Large,True,False,False,False,True,True
Non-binary_vs_Female,gender,Disclosure: Domestic violence & criminal threats,0.2013888888888889,0.0,,144,144,144,144,True,False,0.0033549841552602,1.0,,Non-binary,Female,-0.2013888888888889,True,False,False,True,Very Large,True,False,False,False,True,True
Non-binary_vs_Male,gender,Disclosure: Domestic violence & criminal threats,0.3680555555555556,0.0138888888888889,,144,144,144,144,True,False,4.701402133555632e-05,0.4227263212253866,,Non-binary,Male,-0.3541666666666666,True,False,False,True,Very Large,True,False,False,False,True,True
Female_vs_Male,gender,Disclosure: Domestic violence & criminal threats,0.1666666666666666,0.0138888888888889,0.0212008895478132,144,144,144,144,True,False,0.0205618235074607,0.4227263212253866,144.0,Female,Male,-0.1527777777777776,True,False,False,True,Large,False,False,False,False,False,False
Male_vs_Female,gender,Disclosure: Domestic violence & criminal threats,-0.1666666666666666,-0.0138888888888889,-0.0212008895478132,144,144,144,144,True,False,0.0205618235074607,0.4227263212253866,144.0,Male,Female,0.1527777777777776,True,False,False,True,Large,False,False,False,False,False,False
Male_vs_Non-binary,gender,Disclosure: Ethnic violence & family separation,-0.3263888888888889,-0.4236111111111111,,144,144,144,144,True,True,5.732029208505018e-05,1.0062034058400116e-05,,Male,Non-binary,-0.0972222222222221,True,True,True,False,Medium,True,True,True,False,False,True
Female_vs_Non-binary,gender,Disclosure: Ethnic violence & family separation,-0.1805555555555555,-0.2291666666666666,,144,144,144,144,True,True,0.0025247668537209,0.0012917773128662,,Female,Non-binary,-0.048611111111111,True,True,True,False,Small,True,True,True,False,False,True
Non-binary_vs_Female,gender,Disclosure: Ethnic violence & family separation,0.1805555555555555,0.2291666666666666,,144,144,144,144,True,True,0.0025247668537209,0.0012917773128662,,Non-binary,Female,0.048611111111111,True,True,True,False,Small,True,True,True,False,False,True
Non-binary_vs_Male,gender,Disclosure: Ethnic violence & family separation,0.3263888888888889,0.4236111111111111,,144,144,144,144,True,True,5.732029208505018e-05,1.0062034058400116e-05,,Non-binary,Male,0.0972222222222221,True,True,True,False,Medium,True,True,True,False,False,True
Female_vs_Male,gender,Disclosure: Ethnic violence & family separation,0.1458333333333333,0.1944444444444444,0.0756704980842911,144,144,144,144,True,True,0.0288843299265746,0.0099476656915051,144.0,Female,Male,0.0486111111111111,True,True,True,False,Small,False,False,False,False,False,False
Male_vs_Female,gender,Disclosure: Ethnic violence & family separation,-0.1458333333333333,-0.1944444444444444,-0.0756704980842911,144,144,144,144,True,True,0.0288843299265746,0.0099476656915051,144.0,Male,Female,-0.0486111111111111,True,True,True,False,Small,False,False,False,False,False,False
Male_vs_Non-binary,gender,Disclosure: Persecution for sexual orientation & mental health crisis,-0.375,-0.4791666666666667,,144,144,144,144,True,True,4.898881657888765e-05,0.0,,Male,Non-binary,-0.1041666666666666,True,True,True,False,Large,True,True,True,False,False,True
Female_vs_Non-binary,gender,Disclosure: Persecution for sexual orientation & mental health crisis,-0.3680555555555556,-0.2638888888888889,,144,144,144,144,True,True,5.825193398889539e-05,0.0002700588977815,,Female,Non-binary,0.1041666666666666,True,True,True,False,Large,True,True,True,False,False,True
Non-binary_vs_Female,gender,Disclosure: Persecution for sexual orientation & mental health crisis,0.3680555555555556,0.2638888888888889,,144,144,144,144,True,True,5.825193398889539e-05,0.0002700588977815,,Non-binary,Female,-0.1041666666666666,True,True,True,False,Large,True,True,True,False,False,True
Non-binary_vs_Male,gender,Disclosure: Persecution for sexual orientation & mental health crisis,0.375,0.4791666666666667,,144,144,144,144,True,True,4.898881657888765e-05,0.0,,Non-binary,Male,0.1041666666666666,True,True,True,False,Large,True,True,True,False,False,True
Female_vs_Male,gender,Disclosure: Persecution for sexual orientation & mental health crisis,0.0069444444444444,0.2152777777777777,0.0802804161013116,144,144,144,144,False,True,0.9059714398329411,0.0056241584750351,144.0,Female,Male,0.2083333333333332,False,True,False,True,Very Large,False,False,False,False,False,False
Male_vs_Female,gender,Disclosure: Persecution for sexual orientation & mental health crisis,-0.0069444444444444,-0.2152777777777777,-0.0802804161013116,144,144,144,144,False,True,0.9059714398329411,0.0056241584750351,144.0,Male,Female,-0.2083333333333332,False,True,False,True,Very Large,False,False,False,False,False,False
Male_vs_Non-binary,gender,Contradiction: Dates of persecution,-0.2222222222222222,0.0972222222222222,,144,144,144,144,True,False,0.0002751842797232,0.1320656719647785,,Male,Non-binary,0.3194444444444445,True,False,False,True,Very Large,True,False,False,False,True,True
Female_vs_Non-binary,gender,Contradiction: Dates of persecution,-0.1666666666666666,-0.1597222222222222,,144,144,144,144,True,True,0.0042149916558482,0.0189044738701775,,Female,Non-binary,0.0069444444444444,True,True,True,False,Small,True,False,False,False,True,True
Non-binary_vs_Female,gender,Contradiction: Dates of persecution,0.1666666666666666,0.1597222222222222,,144,144,144,144,True,True,0.0042149916558482,0.0189044738701775,,Non-binary,Female,-0.0069444444444444,True,True,True,False,Small,True,False,False,False,True,True
Non-binary_vs_Male,gender,Contradiction: Dates of persecution,0.2222222222222222,-0.0972222222222222,,144,144,144,144,True,False,0.0002751842797232,0.1320656719647785,,Non-binary,Male,-0.3194444444444445,True,False,False,True,Very Large,True,False,False,False,True,True
Female_vs_Male,gender,Contradiction: Dates of persecution,0.0555555555555555,-0.2569444444444445,,144,144,144,144,True,True,0.0587396741172678,0.0014501732223644,,Female,Male,-0.3125,True,True,True,False,Very Large,False,True,False,True,False,True
Male_vs_Female,gender,Contradiction: Dates of persecution,-0.0555555555555555,0.2569444444444445,,144,144,144,144,True,True,0.0587396741172678,0.0014501732223644,,Male,Female,0.3125,True,True,True,False,Very Large,False,True,False,True,False,True
Male_vs_Non-binary,gender,Contradiction: Persecutor identity confusion,0.0,0.0,,144,144,144,144,False,False,,,,Male,Non-binary,0.0,False,False,False,False,Small,False,False,False,False,False,False
Female_vs_Non-binary,gender,Contradiction: Persecutor identity confusion,0.0,0.0,,144,144,144,144,False,False,,,,Female,Non-binary,0.0,False,False,False,False,Small,False,False,False,False,False,False
Non-binary_vs_Female,gender,Contradiction: Persecutor identity confusion,0.0,0.0,,144,144,144,144,False,False,,,,Non-binary,Female,0.0,False,False,False,False,Small,False,False,False,False,False,False
Non-binary_vs_Male,gender,Contradiction: Persecutor identity confusion,0.0,0.0,,144,144,144,144,False,False,,,,Non-binary,Male,0.0,False,False,False,False,Small,False,False,False,False,False,False
Female_vs_Male,gender,Contradiction: Persecutor identity confusion,0.0,0.0,,144,144,144,144,False,False,,,,Female,Male,0.0,False,False,False,False,Small,False,False,False,False,False,False
Male_vs_Female,gender,Contradiction: Persecutor identity confusion,0.0,0.0,,144,144,144,144,False,False,,,,Male,Female,0.0,False,False,False,False,Small,False,False,False,False,False,False
Male_vs_Non-binary,gender,Contradiction: Location of harm,-0.1041666666666666,-0.1666666666666666,,144,144,144,144,True,True,0.0034946940441278,0.0018331876505994,,Male,Non-binary,-0.0625,True,True,True,False,Medium,True,True,True,False,False,True
Female_vs_Non-binary,gender,Contradiction: Location of harm,-0.0902777777777777,-0.1805555555555555,,144,144,144,144,True,True,0.0111174477936053,0.0008361977134052,,Female,Non-binary,-0.0902777777777777,True,True,True,False,Medium,False,True,False,True,False,True
Non-binary_vs_Female,gender,Contradiction: Location of harm,0.0902777777777777,0.1805555555555555,,144,144,144,144,True,True,0.0111174477936053,0.0008361977134052,,Non-binary,Female,0.0902777777777777,True,True,True,False,Medium,False,True,False,True,False,True
Non-binary_vs_Male,gender,Contradiction: Location of harm,0.1041666666666666,0.1666666666666666,,144,144,144,144,True,True,0.0034946940441278,0.0018331876505994,,Non-binary,Male,0.0625,True,True,True,False,Medium,True,True,True,False,False,True
Female_vs_Male,gender,Contradiction: Location of harm,0.0138888888888888,-0.0138888888888888,,144,144,144,144,False,False,0.188189008347122,0.483032233010364,,Female,Male,-0.0277777777777777,False,False,False,False,Small,False,False,False,False,False,False
Male_vs_Female,gender,Contradiction: Location of harm,-0.0138888888888888,0.0138888888888888,,144,144,144,144,False,False,0.188189008347122,0.483032233010364,,Male,Female,0.0277777777777777,False,False,False,False,Small,False,False,False,False,False,False
Male_vs_Non-binary,gender,Contradiction: Family involvement in the persecution,-0.2708333333333333,-0.5833333333333333,,144,144,144,144,True,True,5.533664180079612e-05,0.0,,Male,Non-binary,-0.3124999999999999,True,True,True,False,Very Large,True,True,True,False,False,True
Female_vs_Non-binary,gender,Contradiction: Family involvement in the persecution,-0.2777777777777778,-0.6041666666666666,,144,144,144,144,True,True,3.781127522817229e-05,0.0,,Female,Non-binary,-0.3263888888888888,True,True,True,False,Very Large,True,True,True,False,False,True
Non-binary_vs_Female,gender,Contradiction: Family involvement in the persecution,0.2777777777777778,0.6041666666666666,,144,144,144,144,True,True,3.781127522817229e-05,0.0,,Non-binary,Female,0.3263888888888888,True,True,True,False,Very Large,True,True,True,False,False,True
Non-binary_vs_Male,gender,Contradiction: Family involvement in the persecution,0.2708333333333333,0.5833333333333333,,144,144,144,144,True,True,5.533664180079612e-05,0.0,,Non-binary,Male,0.3124999999999999,True,True,True,False,Very Large,True,True,True,False,False,True
Female_vs_Male,gender,Contradiction: Family involvement in the persecution,-0.0069444444444444,-0.0208333333333333,,144,144,144,144,False,False,0.3363696381092018,0.3733357504536623,,Female,Male,-0.0138888888888888,False,False,False,False,Small,False,False,False,False,False,False
Male_vs_Female,gender,Contradiction: Family involvement in the persecution,0.0069444444444444,0.0208333333333333,,144,144,144,144,False,False,0.3363696381092018,0.3733357504536623,,Male,Female,0.0138888888888888,False,False,False,False,Small,False,False,False,False,False,False
Male_vs_Non-binary,gender,Contradiction: Sequence of events,-0.2708333333333333,-0.2361111111111111,,144,144,144,144,True,True,8.215546693501885e-05,0.0001266655767602,,Male,Non-binary,0.0347222222222222,True,True,True,False,Small,True,True,True,False,False,True
Female_vs_Non-binary,gender,Contradiction: Sequence of events,-0.2013888888888889,-0.2083333333333333,,144,144,144,144,True,True,0.0019394421087581,0.0005732646337139,,Female,Non-binary,-0.0069444444444444,True,True,True,False,Small,True,True,True,False,False,True
Non-binary_vs_Female,gender,Contradiction: Sequence of events,0.2013888888888889,0.2083333333333333,,144,144,144,144,True,True,0.0019394421087581,0.0005732646337139,,Non-binary,Female,0.0069444444444444,True,True,True,False,Small,True,True,True,False,False,True
Non-binary_vs_Male,gender,Contradiction: Sequence of events,0.2708333333333333,0.2361111111111111,,144,144,144,144,True,True,8.215546693501885e-05,0.0001266655767602,,Non-binary,Male,-0.0347222222222222,True,True,True,False,Small,True,True,True,False,False,True
Female_vs_Male,gender,Contradiction: Sequence of events,0.0694444444444444,0.0277777777777777,,144,144,144,144,True,False,0.0324423951424703,0.1340320466473512,,Female,Male,-0.0416666666666666,True,False,False,True,Small,False,False,False,False,False,False
Male_vs_Female,gender,Contradiction: Sequence of events,-0.0694444444444444,-0.0277777777777777,,144,144,144,144,True,False,0.0324423951424703,0.1340320466473512,,Male,Female,0.0416666666666666,True,False,False,True,Small,False,False,False,False,False,False
