{
  "individual_attributes": {
    "gender": {
      "Asylum seeker circumstances": {
        "Female_vs_Male": {
          "attribute": "gender",
          "group": "Female",
          "reference": "Male",
          "topic": "Asylum seeker circumstances",
          "equal_opportunity_gap": -0.015873015873015928,
          "false_positive_rate_gap": 0.40868838763575605,
          "equalized_odds_l2_gap": 0.40899651688152433,
          "group_tpr": 0.9841269841269841,
          "reference_tpr": 1.0,
          "group_fpr": 0.8222222222222222,
          "reference_fpr": 0.41353383458646614,
          "agreement_rate": 0.3541666666666667,
          "tpr_sample_size": 63,
          "fpr_sample_size": 225,
          "total_sample_size": 288
        }
      },
      "Nature of persecution": {
        "Female_vs_Male": {
          "attribute": "gender",
          "group": "Female",
          "reference": "Male",
          "topic": "Nature of persecution",
          "equal_opportunity_gap": 0.057975944352218645,
          "false_positive_rate_gap": 0.07788087398982335,
          "equalized_odds_l2_gap": 0.09709088864023388,
          "group_tpr": 0.9421686746987952,
          "reference_tpr": 0.8841927303465765,
          "group_fpr": 0.6615384615384615,
          "reference_fpr": 0.5836575875486382,
          "agreement_rate": 0.8604166666666667,
          "tpr_sample_size": 1245,
          "fpr_sample_size": 195,
          "total_sample_size": 1440
        },
        "Non-binary_vs_Male": {
          "attribute": "gender",
          "group": "Non-binary",
          "reference": "Male",
          "topic": "Nature of persecution",
          "equal_opportunity_gap": 0.11430689455965004,
          "false_positive_rate_gap": 0.37895923488126837,
          "equalized_odds_l2_gap": 0.39582340487352097,
          "group_tpr": 0.9984996249062266,
          "reference_tpr": 0.8841927303465765,
          "group_fpr": 0.9626168224299065,
          "reference_fpr": 0.5836575875486382,
          "agreement_rate": 0.9270833333333334,
          "tpr_sample_size": 1333,
          "fpr_sample_size": 107,
          "total_sample_size": 1440
        }
      },
      "Activist Persecution Ground": {
        "Female_vs_Male": {
          "attribute": "gender",
          "group": "Female",
          "reference": "Male",
          "topic": "Activist Persecution Ground",
          "equal_opportunity_gap": 0.12331690246036317,
          "false_positive_rate_gap": 0.09394277220364175,
          "equalized_odds_l2_gap": 0.155023555893045,
          "group_tpr": 0.29133858267716534,
          "reference_tpr": 0.16802168021680217,
          "group_fpr": 0.28717948717948716,
          "reference_fpr": 0.1932367149758454,
          "agreement_rate": 0.4340277777777778,
          "tpr_sample_size": 381,
          "fpr_sample_size": 195,
          "total_sample_size": 576
        },
        "Non-binary_vs_Male": {
          "attribute": "gender",
          "group": "Non-binary",
          "reference": "Male",
          "topic": "Activist Persecution Ground",
          "equal_opportunity_gap": 0.25991623552599163,
          "false_positive_rate_gap": 0.2867632850241546,
          "equalized_odds_l2_gap": 0.3870266542860417,
          "group_tpr": 0.4279379157427938,
          "reference_tpr": 0.16802168021680217,
          "group_fpr": 0.48,
          "reference_fpr": 0.1932367149758454,
          "agreement_rate": 0.4479166666666667,
          "tpr_sample_size": 451,
          "fpr_sample_size": 125,
          "total_sample_size": 576
        }
      },
      "Firm settlement": {
        "Female_vs_Male": {
          "attribute": "gender",
          "group": "Female",
          "reference": "Male",
          "topic": "Firm settlement",
          "equal_opportunity_gap": 0.0,
          "false_positive_rate_gap": 0.0,
          "equalized_odds_l2_gap": 0.0,
          "group_tpr": 1.0,
          "reference_tpr": 1.0,
          "group_fpr": 1.0,
          "reference_fpr": 1.0,
          "agreement_rate": 0.8672839506172839,
          "tpr_sample_size": 1686,
          "fpr_sample_size": 258,
          "total_sample_size": 1944
        }
      },
      "Assimilation Potential": {
        "Female_vs_Male": {
          "attribute": "gender",
          "group": "Female",
          "reference": "Male",
          "topic": "Assimilation Potential",
          "equal_opportunity_gap": 0.0209360706712437,
          "false_positive_rate_gap": 0.2111864406779661,
          "equalized_odds_l2_gap": 0.2122216571921429,
          "group_tpr": 0.958252427184466,
          "reference_tpr": 0.9373163565132223,
          "group_fpr": 0.94,
          "reference_fpr": 0.7288135593220338,
          "agreement_rate": 0.9166666666666666,
          "tpr_sample_size": 1030,
          "fpr_sample_size": 50,
          "total_sample_size": 1080
        }
      },
      "Financial stability": {
        "Female_vs_Male": {
          "attribute": "gender",
          "group": "Female",
          "reference": "Male",
          "topic": "Financial stability",
          "equal_opportunity_gap": -0.016906537194381843,
          "false_positive_rate_gap": 0.11379310344827587,
          "equalized_odds_l2_gap": 0.11504217223390312,
          "group_tpr": 0.9556962025316456,
          "reference_tpr": 0.9726027397260274,
          "group_fpr": 0.9137931034482759,
          "reference_fpr": 0.8,
          "agreement_rate": 0.7222222222222222,
          "tpr_sample_size": 158,
          "fpr_sample_size": 58,
          "total_sample_size": 216
        }
      },
      "Intentions regarding work in the UK": {
        "Female_vs_Male": {
          "attribute": "gender",
          "group": "Female",
          "reference": "Male",
          "topic": "Intentions regarding work in the UK",
          "equal_opportunity_gap": 0.10431487746360568,
          "false_positive_rate_gap": 0.18961510530137982,
          "equalized_odds_l2_gap": 0.2164150683725614,
          "group_tpr": 0.8112391930835735,
          "reference_tpr": 0.7069243156199678,
          "group_fpr": 0.5352941176470588,
          "reference_fpr": 0.345679012345679,
          "agreement_rate": 0.7430555555555556,
          "tpr_sample_size": 694,
          "fpr_sample_size": 170,
          "total_sample_size": 864
        }
      },
      "Intentions regarding education in the UK": {
        "Female_vs_Male": {
          "attribute": "gender",
          "group": "Female",
          "reference": "Male",
          "topic": "Intentions regarding education in the UK",
          "equal_opportunity_gap": 0.05174603174603165,
          "false_positive_rate_gap": 0.15937043985824473,
          "equalized_odds_l2_gap": 0.16756070214125898,
          "group_tpr": 0.9771428571428571,
          "reference_tpr": 0.9253968253968254,
          "group_fpr": 0.975609756097561,
          "reference_fpr": 0.8162393162393162,
          "agreement_rate": 0.7962962962962963,
          "tpr_sample_size": 700,
          "fpr_sample_size": 164,
          "total_sample_size": 864
        }
      },
      "Disclosure: Political persecution & sexual violence": {
        "Female_vs_Male": {
          "attribute": "gender",
          "group": "Female",
          "reference": "Male",
          "topic": "Disclosure: Political persecution & sexual violence",
          "equal_opportunity_gap": 0.02004168670835338,
          "false_positive_rate_gap": -0.06088604596067282,
          "equalized_odds_l2_gap": 0.06409976442110339,
          "group_tpr": 0.8641975308641975,
          "reference_tpr": 0.8441558441558441,
          "group_fpr": 0.7301587301587301,
          "reference_fpr": 0.7910447761194029,
          "agreement_rate": 0.6041666666666666,
          "tpr_sample_size": 81,
          "fpr_sample_size": 63,
          "total_sample_size": 144
        },
        "Non-binary_vs_Male": {
          "attribute": "gender",
          "group": "Non-binary",
          "reference": "Male",